manuscript_id,title,doi,journal,publication_date
1,Tenerife lizards as seed predators,https://doi.org/10.1002/ecy.70464,Ecology,2026-07-01
2,"Fuzzy relationships among plant dispersal mechanisms, syndromes, and animal vectors",https://doi.org/10.1002/ecy.70450,Ecology,2026-07-01
3,Consequences of phenological shifts are determined by the number of generations per season,https://doi.org/10.1002/ecy.70454,Ecology,2026-07-01
4,A multiyear dataset detailing nekton abundance and biomass along living shorelines,https://doi.org/10.1002/ecy.70295,Ecology,2026-02-01
5,Glowing cradles: Hatching larvae of the longhorn beetle S chwarzerium quadricolle remain in fluorescent eggshells,https://doi.org/10.1002/ecy.70534,Ecology,2026-09-01
6,Effects of biotic homogenization on community assembly and biomass production in an α × β‐diversity grassland experiment,https://doi.org/10.1002/ecy.70505,Ecology,2026-09-01
7,Impacts of large herbivores on savanna plant communities: Predictive models of herbivore selectivity and plant response,https://doi.org/10.1002/ecy.70445,Ecology,2026-07-01
8,"Dispersal kernels regulate environmental, biotic, and stochastic effects on the maintenance of metacommunity diversity",https://doi.org/10.1002/ecy.70484,Ecology,2026-09-01
9,Bank‐dwelling beavers contribute to the wood regime in a dryland river,https://doi.org/10.1002/ecy.70396,Ecology,2026-05-01
10,Heads on the surface: Peek performance of spy‐hop behavior in Chilean dolphins,https://doi.org/10.1002/ecy.70485,Ecology,2026-09-01
11,Causes of interspecific variation in avian migration distance,https://doi.org/10.1002/ecy.70502,Ecology,2026-09-01
12,Seasonal stoichiometry of terrestrial consumer–resource interactions,https://doi.org/10.1002/ecy.70383,Ecology,2026-04-01
13,Increased root‐derived carbon buffers soil carbon loss under simultaneous warming and nitrogen addition,https://doi.org/10.1002/ecy.70351,Ecology,2026-03-01
14,Phytochemical diversity and seasonality are associated with a critical transition in plant–herbivore network structure,https://doi.org/10.1002/ecy.70282,Ecology,2026-01-01
15,Thermophilization over space but not time among communities of ground‐dwelling arthropods in a desert city,https://doi.org/10.1002/ecy.70283,Ecology,2026-01-01
16,Black juice in the dark: Pollination of dark‐nectared Jasminanthes mucronata (Apocynaceae) by nocturnal hawkmoths,https://doi.org/10.1002/ecy.70370,Ecology,2026-04-01
17,High phylogenetic turnover magnifies evolutionary relatedness along bacterial primary succession,https://doi.org/10.1002/ecy.70435,Ecology,2026-06-01
18,Passive acoustic monitoring reveals surprising patterns of avian community antipredator behavior at a regional scale,https://doi.org/10.1002/ecy.70362,Ecology,2026-05-01
19,Pollinators maintain biodiversity in assembling plant communities,https://doi.org/10.1002/ecy.70369,Ecology,2026-04-01
20,Temperature controls bryophyte‐associated nitrogen fixation in super‐humid temperate forests in New Zealand,https://doi.org/10.1002/ecy.70343,Ecology,2026-03-01
21,Mammal defaunation leads to biotic homogenization of plant communities in tropical rainforests,https://doi.org/10.1002/ecy.70341,Ecology,2026-03-01
22,Order matters: Autocorrelation of temperature dictates extinction risk in populations with nonlinear thermal performance,https://doi.org/10.1002/ecy.70325,Ecology,2026-03-01
23,Diversity–productivity relationships in ericaceous plants are influenced by interactions with ericoid mycorrhizal fungi,https://doi.org/10.1002/ecy.70488,Ecology,2026-09-01
24,Climate and landscape context drive the functional composition of young tropical forests,https://doi.org/10.1002/ecy.70470,Ecology,2026-09-01
25,Cross‐stressor resilience of soil microbial growth and carbon metabolism under climate change,https://doi.org/10.1002/ecy.70439,Ecology,2026-06-01
26,Urban landscapes as ecological filters: Insights from a Neotropical bird assemblage,https://doi.org/10.1002/ecy.70277,Ecology,2026-02-01
27,Hitch‐hiking in the deep sea: Amphipods embrace sea spiders in the Southeast Pacific Ocean,https://doi.org/10.1002/ecy.70443,Ecology,2026-09-01
28,Nonlinear effects of temperature on mosquito parasite infection across a large geographic climate gradient,https://doi.org/10.1002/ecy.70307,Ecology,2026-02-01
29,Big sharks in the dark: High densities of the bluntnose sixgill shark Hexanchus griseus in the Gulf of Naples,https://doi.org/10.1002/ecy.70388,Ecology,2026-04-01
30,Functional distinctiveness and rarity highlight climate vulnerability of mountain birds,https://doi.org/10.1002/ecy.70345,Ecology,2026-03-01
31,Do interactions between different selfish genetic elements matter?,https://doi.org/10.1093/jeb/voag045,Journal of Evolutionary Biology,2026-06-18
32,The contribution of sexual selection and genetic constraints to phenotypic divergence among natural populations of Drosophila subquinaria,https://doi.org/10.1093/jeb/voag073,Journal of Evolutionary Biology,2026-09-21
33,From head to tail: Does habitat use drive morphological variation in snakes?,https://doi.org/10.1093/jeb/voag052,Journal of Evolutionary Biology,2026-06-27
34,Interplay between the role of DNA methylation in regulating gene expression and TE-silencing in a reptilian methylome,https://doi.org/10.1093/jeb/voag085,Journal of Evolutionary Biology,2026-09-03
35,Cytoplasmic male sterility and mitochondrial metabolism: evidence for low complex I contribution in male-sterile freshwater snail Physa acuta,https://doi.org/10.5281/zenodo.18754424,Journal of Evolutionary Biology,2026-02-24
36,The last weaponized arm: macroevolutionary trends of megaraptorid manual claw I and forelimb integration in medium- to large-bodied non-avian theropods,https://doi.org/10.1093/jeb/voag061,Journal of Evolutionary Biology,2026-07-15
37,Adaptive deletion of functional duplicate genes in Drosophila,https://doi.org/10.1093/jeb/voag074,Journal of Evolutionary Biology,2026-08-31
38,Absence of cytoplasmic incompatibility and high vertical Wolbachia transmission in a neotropical drosophilid,https://doi.org/10.1093/jeb/voag002,Journal of Evolutionary Biology,2026-01-19
39,Native-range origin predicts genomic contribution in an experimental Mimulus guttatus invasion,https://doi.org/10.1093/jeb/voag090,Journal of Evolutionary Biology,2026-09-29
40,Identifying the proximate mechanisms that generate plasticity in fecundity for nutrition in Drosophila melanogaster,https://doi.org/10.1093/jeb/voag010,Journal of Evolutionary Biology,2026-02-17
41,Temperature stress disrupts reciprocal adaptation in a microbial predator-prey system,https://doi.org/10.1093/jeb/voag018,Journal of Evolutionary Biology,2026-03-14
42,Disentangling local adaptation and phenotypic plasticity in traits associated with altitude and temperature in widespread tropical butterflies,https://doi.org/10.1093/jeb/voag093,Journal of Evolutionary Biology,2026-09-23
43,Interactions between phylogenetic trees and fossils when estimating evolutionary timescales,https://doi.org/10.1093/jeb/voag055,Journal of Evolutionary Biology,2026-07-08
44,Historical shifts and ecological patterns: rethinking genome size evolution in Coffea L,https://doi.org/10.1093/jeb/voag035,Journal of Evolutionary Biology,2026-05-22
45,"The evolutionary impact of Robertsonian fusions: linking genomic architecture, recombination and reproduction",https://doi.org/10.1093/jeb/voag080,Journal of Evolutionary Biology,2026-08-26
46,The evolution of plasticity in drought-related traits in central and edge populations of Mimulus cardinalis,https://doi.org/10.1093/jeb/voag068,Journal of Evolutionary Biology,2026-08-10
47,Do key innovations outweigh ecological context in the evolution of life-history traits? Insights from spiny lizards ( Sceloporus ),https://doi.org/10.1093/jeb/voag082,Journal of Evolutionary Biology,2026-08-29
48,"Telomere dynamics, not absolute telomere length, predicts lifespan in adult zebra finches",https://doi.org/10.1093/jeb/voag034,Journal of Evolutionary Biology,2026-05-19
49,Failure to invest below-ground may limit the northern expansion of invasive knotweed: lessons from a two-phase transplant experiment,https://doi.org/10.1093/jeb/voag087,Journal of Evolutionary Biology,2026-09-16
50,"A field experiment assessing the roles of drought, herbivory, and local climate on cyanogenesis cline formation and local adaptation in Trifolium repens",https://doi.org/10.1093/jeb/voag008,Journal of Evolutionary Biology,2026-02-17
51,Replication fidelity difference between daughter chains persists during evolution,https://doi.org/10.1093/jeb/voag033,Journal of Evolutionary Biology,2026-05-18
52,Inter- and intra-male variation in sperm length is associated with fertilization mode in marine fishes,https://doi.org/10.1093/jeb/voag076,Journal of Evolutionary Biology,2026-08-26
53,Differential investment in growth and reproduction optimizes a life-history trade-off in a species characterized by alternative reproductive tactics,https://doi.org/10.1093/jeb/voag004,Journal of Evolutionary Biology,2026-01-23
54,Temperature and soil microbial community interact to alter performance across populations of a native plant,https://doi.org/10.1093/jeb/voag075,Journal of Evolutionary Biology,2026-08-26
55,Conflicting optical and mechanical needs drive the evolution of wing membrane thickness in Ithomiini clearwing butterflies,https://doi.org/10.1093/jeb/voag019,Journal of Evolutionary Biology,2026-03-26
56,"Clinging strength, but not sprint speed, underlies morphological divergence between ecologically distinct Liolaemus species",https://doi.org/10.1093/jeb/voag027,Journal of Evolutionary Biology,2026-05-01
57,Among-trait covariance and cross-year repeatability for direct and indirect individual effects in producer–scrounger behaviour in wild house sparrows,https://doi.org/10.1093/jeb/voag003,Journal of Evolutionary Biology,2026-01-16
58,Evolution of host manipulation specificity in trophically transmitted parasites,https://doi.org/10.1093/jeb/voag064,Journal of Evolutionary Biology,2026-07-23
59,Influence of the resource acquisition–allocation Y-model’s parameters on the detection of phenotypic trade-offs,https://doi.org/10.1093/jeb/voag050,Journal of Evolutionary Biology,2026-06-24
60,Independent origin of sperm heteromorphism in the Drosophilidae,https://doi.org/10.1093/jeb/voag031,Journal of Evolutionary Biology,2026-05-07
61,General Predictions for the Effects of Warming on Competition,https://doi.org/10.1111/ele.70395,Ecology Letters,2026-06-01
62,Warming Reduces the Positive Effect of Nitrogen Addition on Soil Organic Carbon in Grasslands,https://doi.org/10.1111/ele.70379,Ecology Letters,2026-04-01
63,Linking Biotic Interactions to Species Stability,https://doi.org/10.1111/ele.70385,Ecology Letters,2026-04-01
64,Environmental Fluctuations Are Insufficient to Explain High Coral Biodiversity: A Test of Five Storage Effect Pathways,https://doi.org/10.1111/ele.70362,Ecology Letters,2026-04-01
65,Drivers and Consequences of Size Declines in Unicells,https://doi.org/10.1111/ele.70387,Ecology Letters,2026-05-01
66,Influences of Structural and Species Diversity on Forest Resistance to Drought,https://doi.org/10.1111/ele.70351,Ecology Letters,2026-03-01
67,Phylogeny Drives Carrion Consumption by Vertebrate Scavengers Towards Distantly Related Species,https://doi.org/10.1111/ele.70455,Ecology Letters,2026-09-01
68,Local Adaptation in Climate Tolerance at a Small Geographic Scale Contrasts With Broad Latitudinal Patterns,https://doi.org/10.1111/ele.70295,Ecology Letters,2026-01-01
69,Genetic Diversity Impacts Climate‐Induced Species Range Shifts,https://doi.org/10.1111/ele.70345,Ecology Letters,2026-03-26
70,Animal Social Network Structures Across the Fast‐Slow Continuum,https://doi.org/10.1111/ele.70449,Ecology Letters,2026-08-01
71,Mixed Support for the Temperature‐Size Rule in Wild Freshwater Fishes,https://doi.org/10.1111/ele.70344,Ecology Letters,2026-02-01
72,Semi‐Natural Habitats Buffer the Effects of Crop Diversification on Arthropod Pest Control Services in Agricultural Landscapes,https://doi.org/10.1111/ele.70440,Ecology Letters,2026-08-01
73,Including Fitness and Health Proxies Can Alter Our Understanding of Habitat Selection,https://doi.org/10.1111/ele.70403,Ecology Letters,2026-07-01
74,The Coevolution of Colour Patterns and Hindwing Shapes on a Large Phylogenetic Scale Reveals Predation‐Driven Adaptive Syndromes in Swallowtail Butterflies,https://doi.org/10.1111/ele.70303,Ecology Letters,2026-01-01
75,Community Assembly Reveals How Environmental Controls Over Rodent Competition Drive Deer Mouse Density and Hantavirus Infection,https://doi.org/10.1111/ele.70374,Ecology Letters,2026-03-30
76,Alternative Viewpoints on Biological Sex,https://doi.org/10.1111/ele.70439,Ecology Letters,2026-07-01
77,Evolution of Reproductive Plasticity in a Seasonal Tropical Environment,https://doi.org/10.1111/ele.70401,Ecology Letters,2026-05-01
78,Forest Heterogeneity by Chain Saw: How Between‐Patch Variation in Old Growth Attributes Changes the Metacommunities of Beetles,https://doi.org/10.48548/pubdata-3354,Ecology Letters,2026-03-05
79,Macroevolution of Steep Interspecific Metabolic Allometry in an Old Insect Order,https://doi.org/10.1111/ele.70399,Ecology Letters,2026-05-01
80,Neighbourhood Diversity Effects on Tree Growth Shift Over Time in a Long‐Term Forest Biodiversity Experiment,https://doi.org/10.1111/ele.70420,Ecology Letters,2026-06-01
81,Warm Edge Kelp Populations Show Elevated Volatility to Marine Heatwaves,https://doi.org/10.1111/ele.70307,Ecology Letters,2026-01-01
82,"AI , Comparative Advantage, and the Next Decade of Ecological Research",https://doi.org/10.1111/ele.70427,Ecology Letters,2026-06-01
83,A New Effect Size for Meta‐Analysis of Magnitude: lnM,https://doi.org/10.1111/ele.70428,Ecology Letters,2026-09-01
84,Effects of Local Management and Landscape Complexity on Insects and Ecosystem Services in Agroecosystems: A Review of the Intermediate Landscape Complexity Hypothesis,https://doi.org/10.1111/ele.70444,Ecology Letters,2026-08-01
85,Black Death Land Abandonment Drove European Diversity Losses,https://doi.org/10.1111/ele.70325,Ecology Letters,2026-03-01
86,Integrating Physiological Rates of Thermal Stress and Repair Predicts Heat Failure During Temperature Fluctuations,https://doi.org/10.1111/ele.70398,Ecology Letters,2026-05-01
87,"Calibration, Sensitivity and Uncertainty Analysis of Complex Ecological Models—A Review",https://doi.org/10.1111/ele.70375,Ecology Letters,2026-04-01
88,Speciation History Shapes Patterns of Assemblage Species Richness in Birds,https://doi.org/10.1111/ele.70432,Ecology Letters,2026-06-01
89,"Plants That Evolved Under High Phylogenetic Diversity Have Higher Invasion Success, Particularly in Undisturbed Communities",https://doi.org/10.1111/ele.70417,Ecology Letters,2026-06-01
90,Contrast in Mycorrhizal Associations Leads to Divergent Rhizosphere Metabolomes and Plant–Soil Feedback Among Grassland Species,https://doi.org/10.1111/ele.70318,Ecology Letters,2026-02-01
91,Effects of Herbivore-Induced Plant Volatiles on Behaviors and Reproduction in a Common Songbird,https://doi.org/10.1086/741159,The American Naturalist,2026-03-05
92,Herbivory Weakens the Stability of a Floral Polymorphism,https://doi.org/10.1086/742256,The American Naturalist,2026-05-14
93,Structured Landscapes Promote Persistence by Favoring Prudent Predators,https://doi.org/10.1086/740827,The American Naturalist,2026-02-09
94,Front and Back Matter,https://doi.org/10.1086/741331,The American Naturalist,2026-03-19
95,Coexistence of sexual and asexual reproduction in facultatively parthenogenetic populations under sexual conflict: an agent-based simulation,https://doi.org/10.1086/743597,The American Naturalist,2026-08-12
96,Revisiting dilution and barrier to better disentangle their effects on epidemics,https://doi.org/10.1086/742786,The American Naturalist,2026-06-18
97,'Loop tracing' feedback reveals mechanisms that drive instabilities in resource-host-parasite dynamics,https://doi.org/10.1086/743447,The American Naturalist,2026-08-03
98,Dynamic range models improve the near-term forecast for a marine species on the move,https://doi.org/10.1086/743270,The American Naturalist,2026-07-22
99,Not all sexual monomorphisms evolve equally: female and male ornamentation in Tyranni passerines,https://doi.org/10.1086/743268,The American Naturalist,2026-07-22
100,Warming strengthens priority effects driven by an ontogenetic shift from host to predator,https://doi.org/10.1086/743450,The American Naturalist,2026-08-03
101,Impacts of Harvest Removal on Mesocarnivore Territorial Dynamics Captured by Mechanistic Home Range Analysis,https://doi.org/10.1086/741600,The American Naturalist,2026-04-01
102,"Social structure and social stability predict learning, scrounging, and feeding rate in foraging flocks of wild songbirds",https://doi.org/10.1086/743609,The American Naturalist,2026-08-13
103,Front and Back Matter,https://doi.org/10.1086/743242,The American Naturalist,2026-07-23
104,Front and Back Matter,https://doi.org/10.1086/741057,The American Naturalist,2026-02-23
105,Front and Back Matter,https://doi.org/10.1086/740796,The American Naturalist,2026-02-01
106,Intransitive Eco-Evolutionary Feedback Loops Maintain Coexistence,https://doi.org/10.1086/742112,The American Naturalist,2026-05-05
107,Comparative Biogeography of Marine and Terrestrial Microbes and Macrobiota Using Environmental DNA,https://doi.org/10.1086/742113,The American Naturalist,2026-05-05
108,Interactions between Mechanisms of Reproductive Isolation,https://doi.org/10.1086/740888,The American Naturalist,2026-02-12
109,Alternative Reproductive Tactic Frequencies Vary with Stream Size for an Appalachian Salamander,https://doi.org/10.1086/741914,The American Naturalist,2026-04-27
110,Why harm to victims can lessen with enrichment during predator- and parasite-mediated trophic cascades,https://doi.org/10.1086/743965,The American Naturalist,2026-09-08
111,Common goods and specific bads promote pathogen diversity,https://doi.org/10.1086/742679,The American Naturalist,2026-06-15
112,"Species interactions, divergence, and the rapid evolution of ecological sexual dimorphism in threespine sticklebacks",https://doi.org/10.1086/742751,The American Naturalist,2026-06-18
113,"Drivers of periodicity in population dynamic models of long-lived, large mammals",https://doi.org/10.1086/744243,The American Naturalist,2026-09-29
114,Trophic niche representation affects macroevolutionary inference: a case study in elapid snakes,https://doi.org/10.1086/743821,The American Naturalist,2026-08-27
115,What fraction of the genomic basis of local adaptation are we missing?,https://doi.org/10.1086/743599,The American Naturalist,2026-08-12
116,Mind if I chime in? Sexually competitive females under Darwinian sex roles: a case study with Enchenopa treehoppers (Hemiptera: Membracidae),https://doi.org/10.1086/743005,The American Naturalist,2026-07-07
117,"Heterogeneous Predation, Community Asynchrony, and Metacommunity Stability in Cyanobacterial Mats",https://doi.org/10.1086/741527,The American Naturalist,2026-03-26
118,From genes to populations: evolutionary responses to selective fishing vary with genetic architecture,https://doi.org/10.1086/743448,The American Naturalist,2026-08-03
119,Front and Back Matter,https://doi.org/10.1086/742686,The American Naturalist,2026-06-18
120,Disentangling mechanisms of context-dependent species interactions reveals contrasting effects of rainfall on individual- and community-level strengths of plant competition,https://doi.org/10.1086/743732,The American Naturalist,2026-08-20
121,"Six decades of data indicate reduced zooplankton density with warming conditions in Iliamna Lake, Alaska, USA",https://doi.org/10.1002/ecs2.70596,Ecosphere,2026-05-01
122,Carbon and water dynamics of Old World bluestem in the U.S. Southern Great Plains,https://doi.org/10.1002/ecs2.70668,Ecosphere,2026-05-01
123,Seasonal dynamism or model realism: What drives better predictions of landscape connectivity?,https://doi.org/10.1002/ecs2.70726,Ecosphere,2026-09-01
124,Microtopography and land management drive the spatial and population structures of a Mediterranean keystone species,https://doi.org/10.1002/ecs2.70506,Ecosphere,2026-01-01
125,Sustaining the world and words: Ecological environments and diversity of Chinese dialects,https://doi.org/10.1002/ecs2.70534,Ecosphere,2026-07-01
126,"Riparian vegetation diversity in boreal headwaters: Comparing streams, modified waterways, and ditches",https://doi.org/10.1002/ecs2.70665,Ecosphere,2026-05-01
127,Novel threats and response to Acadia National Park forests: Simulating the resist–accept–direct management framework,https://doi.org/10.1002/ecs2.70666,Ecosphere,2026-05-01
128,Operational sex ratio bias due to sex‐specific cohort splitting in response to predation,https://doi.org/10.1002/ecs2.70518,Ecosphere,2026-01-01
129,Does water vole diet meet the prerequisites of the “plant hypothesis” for explaining population cycles?,https://doi.org/10.1002/ecs2.70579,Ecosphere,2026-05-01
130,American kestrel population trends and vital rates at the continental scale,https://doi.org/10.1002/ecs2.70526,Ecosphere,2026-02-01
131,Temperature accelerates decomposition and controls carbon use efficiency for microbes and shredding caddisflies,https://doi.org/10.1002/ecs2.70585,Ecosphere,2026-04-01
132,Drivers of mallard and green‐winged teal population dynamics in North America,https://doi.org/10.1002/ecs2.70744,Ecosphere,2026-08-01
133,Breeding seasonality in Charadriiformes on the Andean Altiplano is influenced by rain and possibly flood risk,https://doi.org/10.1002/ecs2.70536,Ecosphere,2026-02-01
134,Do you reap what you sow? Temporal dynamics of insect‐relevant floral characteristics of flower strip mixtures,https://doi.org/10.1002/ecs2.70701,Ecosphere,2026-07-01
135,Evidence consistent with local adaptation to predation shaping stabilizing effects underlying local coexistence,https://doi.org/10.1002/ecs2.70703,Ecosphere,2026-07-01
136,Decadal effects of fuel treatments and annual grass invasion on sagebrush ecosystem carbon stocks,https://doi.org/10.1002/ecs2.70729,Ecosphere,2026-08-01
137,Integrating multispecies habitat suitability and landscape connectivity to design biodiversity corridors for mountains,https://doi.org/10.1002/ecs2.70720,Ecosphere,2026-08-01
138,Development of species distribution models helps identify source country anomalies in timber supply chains,https://doi.org/10.1002/ecs2.70593,Ecosphere,2026-04-01
139,"Overlooked pathways into ecology and implications for representation, identity, and retention: A focus group analysis",https://doi.org/10.1002/ecs2.70625,Ecosphere,2026-04-01
140,The growth of microbial ecology research in a selection of the Ecological Society of America's portfolio of journals,https://doi.org/10.1002/ecs2.70698,Ecosphere,2026-07-01
141,Towards transparent and replicable flower selection in agricultural flower strips,https://doi.org/10.1002/ecs2.70487,Ecosphere,2026-04-01
142,Tree communities face rising soil water deficits exposure under projected climate change in northern temperate forests,https://doi.org/10.1002/ecs2.70607,Ecosphere,2026-05-01
143,Synthetic pelagic biomass size spectra of the tropical and subtropical Atlantic,https://doi.org/10.1002/ecs2.70608,Ecosphere,2026-05-01
144,Snowfall and pond volume drive summer mountain pond dynamics in California's Sierra Nevada,https://doi.org/10.1002/ecs2.70706,Ecosphere,2026-07-01
145,White‐nose syndrome suitability of Mexican Sierra Madre Oriental karst to sustain Pseudogymnoascus destructans fungus,https://doi.org/10.1002/ecs2.70705,Ecosphere,2026-07-01
146,Mapping benthic biodiversity to facilitate future sustainable development,https://doi.org/10.1002/ecs2.70494,Ecosphere,2026-01-01
147,The seed bank created by the dung of large herbivores drives seed circulation in an alpine meadow,https://doi.org/10.1002/ecs2.70652,Ecosphere,2026-06-01
148,"Species richness, composition, and dominance of core and climate relicts of African miombo woodlands",https://doi.org/10.1002/ecs2.70498,Ecosphere,2026-01-01
149,Within‐tree biogeography shapes composition and diversity of apple microbiomes,https://doi.org/10.1002/ecs2.70659,Ecosphere,2026-05-01
150,Community assembly in subtidal epifaunal communities in the Gulf of Maine: A phylogenetic and functional trait approach,https://doi.org/10.1002/ecs2.70778,Ecosphere,2026-09-01
151,Evaluating microclimatic alterations under rainout shelters: Intended and unintended effects of drought manipulations,https://doi.org/10.1002/eap.70172,Ecological Applications,2026-01-01
152,Restoration transforms coastal wetland ecosystem services over time,https://doi.org/10.1002/eap.70292,Ecological Applications,2026-09-01
153,Multiscale habitat modeling to improve spatial prioritization for mugger crocodile conservation in riverine landscapes,https://doi.org/10.1002/eap.70222,Ecological Applications,2026-04-01
154,Trait‐based evidence of salinity‐induced functional diversity loss in mangroves: Implications for ecosystem resilience,https://doi.org/10.1002/eap.70191,Ecological Applications,2026-01-01
155,Evaluating species at risk in data‐limited fisheries: A productivity–susceptibility analysis for marine aquarium fish,https://doi.org/10.1002/eap.70272,Ecological Applications,2026-06-01
156,Historical data reveal extirpation of foundation species and kelp forest community deborealization in a coastal hotspot,https://doi.org/10.1002/eap.70223,Ecological Applications,2026-04-01
157,Quantifying avian resilience to habitat change to support conservation decision‐making,https://doi.org/10.1002/eap.70257,Ecological Applications,2026-07-01
158,Songbird population trajectories diverge under simulations of conifer encroachment versus removal in a sagebrush ecosystem,https://doi.org/10.1002/eap.70228,Ecological Applications,2026-04-01
159,Strategic restoration of global inland peatlands can maximize local and global co‐benefits,https://doi.org/10.1002/eap.70300,Ecological Applications,2026-09-01
160,Adaptive silviculture for climate change in North American forests: Operationalizing the resistance–resilience–transition framework,https://doi.org/10.1002/eap.70302,Ecological Applications,2026-09-01
161,A UAV ‐based assessment for alpine meadows micro‐patch pattern: Spatial scale thresholds and landscape indices extraction,https://doi.org/10.1002/eap.70171,Ecological Applications,2026-01-01
162,"Management inputs, site conditions, and fire history shape outcomes of invasive plant control and native recovery",https://doi.org/10.1002/eap.70187,Ecological Applications,2026-01-01
163,Shifts and expansion in a spatially structured fish stock spanning international borders in the Northwest Atlantic,https://doi.org/10.1002/eap.70311,Ecological Applications,2026-09-01
164,Demography and dynamics of giant kelp cohorts across four decades: Lessons for conservation and resilience planning,https://doi.org/10.1002/eap.70181,Ecological Applications,2026-01-01
165,"More than flowers: Habitat type, floral resources, and landscape context shape pollinator communities in villages",https://doi.org/10.1002/eap.70190,Ecological Applications,2026-01-01
166,Assessing the variability and vulnerability of carbon function in coastal soft sediment ecosystems to inform protection,https://doi.org/10.1002/eap.70234,Ecological Applications,2026-04-01
167,A state and transition framework to guide riparian woodland vegetation management and environmental water decisions,https://doi.org/10.1002/eap.70256,Ecological Applications,2026-04-01
168,Rainfall has contrasting effects on aquatic and terrestrial environmental DNA recovered from streams,https://doi.org/10.1002/eap.70169,Ecological Applications,2026-01-01
169,Atmospheric dryness dominates diurnal carbon–water coupling in mid‐latitude forests,https://doi.org/10.1002/eap.70189,Ecological Applications,2026-01-01
170,Disentangling the effects of multifunctional forestry practices on the abundances of birds and their invertebrate prey,https://doi.org/10.1002/eap.70198,Ecological Applications,2026-03-01
171,Disparity in the distribution of suitable habitat as a metric for capturing responses to contrasting land‐use types,https://doi.org/10.1002/eap.70316,Ecological Applications,2026-09-01
172,Seed mixes of intermediate grass:forb ratio create vegetation of greater ecosystem service provision in restorations,https://doi.org/10.1002/eap.70299,Ecological Applications,2026-09-01
173,Freshwater habitats within the Natura 2000 network,https://doi.org/10.1002/eap.70241,Ecological Applications,2026-04-01
174,Considerations for the management of hatchery salmon: Stream characteristics associated with attractiveness to strays,https://doi.org/10.1002/eap.70251,Ecological Applications,2026-04-01
175,From data to decisions: The role of machine learning in precision ecological restoration,https://doi.org/10.1002/eap.70305,Ecological Applications,2026-09-01
176,Site‐specific biogeochemical responses to livestock grazing and climate change,https://doi.org/10.1002/eap.70175,Ecological Applications,2026-01-01
177,"Flower‐rich and diverse road verges support pollinators, but traffic speed limits the ecological benefits across Europe",https://doi.org/10.1002/eap.70279,Ecological Applications,2026-06-01
178,Patch design principles for oyster reef restoration: Lessons from fish habitat use in natural remnant systems,https://doi.org/10.1002/eap.70293,Ecological Applications,2026-07-01
179,Forest stand characteristics drive the macronutrient composition of Vaccinium winter forage for cervids,https://doi.org/10.1002/eap.70182,Ecological Applications,2026-01-01
180,Incorporating community assembly mechanisms in biotic indices improves index performance,https://doi.org/10.1002/eap.70297,Ecological Applications,2026-07-01
181,Defining the pollinator garden: is conceptual flexibility a feature or a bug?,https://doi.org/10.1002/fee.70052,Frontiers in Ecology and the Environment,2026-05-28
182,Prebreeding populations and the importance of life history for conserving imperiled seabirds,https://doi.org/10.1002/fee.70049,Frontiers in Ecology and the Environment,2026-05-11
183,Justice for biodiversity: an X‐curve transformation pathway for a sustainable future,https://doi.org/10.1002/fee.70062,Frontiers in Ecology and the Environment,2026-07-13
184,Toward a research agenda for actionable ecological science,https://doi.org/10.1002/fee.70060,Frontiers in Ecology and the Environment,2026-07-13
185,Rethinking Environmental Impact Assessment for nature positive development,https://doi.org/10.1002/fee.70068,Frontiers in Ecology and the Environment,2026-09-03
186,If it ain’t broke…,https://doi.org/10.1002/fee.70043,Frontiers in Ecology and the Environment,2026-04-06
187,Historical art as a source of insight for studies of environmental change,https://doi.org/10.1002/fee.70046,Frontiers in Ecology and the Environment,2026-04-27
188,Ancient practices enhance biodiversity conservation: Evidence from village fengshui forests,https://doi.org/10.1002/fee.70066,Frontiers in Ecology and the Environment,2026-08-24
189,Spectral landscape ecology of a foundation tree reveals reduced variation under heat stress,https://doi.org/10.1002/fee.70072,Frontiers in Ecology and the Environment,2026-09-17
190,Maslow's hierarchy of needs rests on ecological security,https://doi.org/10.1002/fee.70051,Frontiers in Ecology and the Environment,2026-05-18
191,"Beyond conservation pessimism and optimism: a proactive, risk‐based approach to protect mangrove systems",https://doi.org/10.1002/fee.70041,Frontiers in Ecology and the Environment,2026-04-16
192,Amphibians in China: over 250 years of species discoveries and ongoing challenges,https://doi.org/10.1002/fee.70030,Frontiers in Ecology and the Environment,2026-02-02
193,Monitoring animal movement diversity as a component of biodiversity,https://doi.org/10.1002/fee.70038,Frontiers in Ecology and the Environment,2026-03-13
194,Legacy effects of locally extinct flagship species on protected areas,https://doi.org/10.1002/fee.70065,Frontiers in Ecology and the Environment,2026-08-13
195,"Beauty, but at what cost? Ornamental weirs fragment China's streams",https://doi.org/10.1002/fee.70061,Frontiers in Ecology and the Environment,2026-07-13
196,An adequacy‐for‐purpose perspective for the environmental sciences,https://doi.org/10.1002/fee.70058,Frontiers in Ecology and the Environment,2026-07-01
197,Walking the land with property owners,https://doi.org/10.1002/fee.70023,Frontiers in Ecology and the Environment,2026-01-08
198,Who’s afraid of strict protection?,https://doi.org/10.1002/fee.70025,Frontiers in Ecology and the Environment,2026-01-29
199,Embracing a dynamic view of nature for biodiversity conservation,https://doi.org/10.1002/fee.70026,Frontiers in Ecology and the Environment,2026-01-29
200,A “demand and supply” approach to monitoring habitat and population changes of migratory birds,https://doi.org/10.1002/fee.70035,Frontiers in Ecology and the Environment,2026-03-12
201,A multi‐objective decision‐analysis framework for addressing human–wildlife conflicts,https://doi.org/10.1002/fee.70071,Frontiers in Ecology and the Environment,2026-09-17
202,The need for economics in wildlife conservation and management,https://doi.org/10.1002/fee.70039,Frontiers in Ecology and the Environment,2026-05-07
203,A code of ethics for peer reviewers,https://doi.org/10.1002/fee.70032,Frontiers in Ecology and the Environment,2026-02-18
204,Legacy effects of redlining on the distribution of greenspaces in US cities,https://doi.org/10.1002/fee.70056,Frontiers in Ecology and the Environment,2026-06-15
205,Annual grass invasion is transforming the sagebrush biome's songbird communities,https://doi.org/10.1002/fee.70024,Frontiers in Ecology and the Environment,2026-01-13
206,Managing for resilience with ecological structure: Portfolio effects in the Laurentian Great Lakes,https://doi.org/10.1002/fee.70057,Frontiers in Ecology and the Environment,2026-06-25
207,Thinking like a mountain in the age of AI,https://doi.org/10.1002/fee.70036,Frontiers in Ecology and the Environment,2026-03-16
208,Enabling pastoralist management of rangelands to achieve Land Degradation Neutrality,https://doi.org/10.1002/fee.70037,Frontiers in Ecology and the Environment,2026-03-19
209,Subsistence harvest for food and pets associated with declining global mammal populations,https://doi.org/10.1002/fee.70044,Frontiers in Ecology and the Environment,2026-04-13
210,Insights on global rangeland ecosystem services shaped by grazing and fertilization,https://doi.org/10.1002/fee.70022,Frontiers in Ecology and the Environment,2026-01-13
211,Recruitment boosts participation and transfers route information during collective migration in ants,https://doi.org/10.1093/beheco/arag073,Behavioral Ecology,2026-05-15
212,Why do burying beetles bury? Competition and the fitness benefits of parental care,https://doi.org/10.1093/beheco/arag100,Behavioral Ecology,2026-08-29
213,Male careers in wild Assamese macaques,https://doi.org/10.1093/beheco/arag085,Behavioral Ecology,2026-07-19
214,Exploring mechanisms underlying heterospecific alarm call responses in meerkats and yellow mongooses,https://doi.org/10.1093/beheco/arag031,Behavioral Ecology,2026-03-16
215,Landscapes of fearlessness revealed through hormonal responses to putatively risky places,https://doi.org/10.1093/beheco/arag004,Behavioral Ecology,2026-01-21
216,Impact of increased nest temperature on incubation behavior and female health in Eurasian Blue Tit,https://doi.org/10.1093/beheco/arag016,Behavioral Ecology,2026-01-22
217,Does mate copying occur in Drosophila hydei ?,https://doi.org/10.1093/beheco/arag114,Behavioral Ecology,2026-09-21
218,A phantom decoy shifts wild forager decisions in a natural environment,https://doi.org/10.1093/beheco/arag059,Behavioral Ecology,2026-05-15
219,Behavioral flexibility and its drivers in semi-urban vervet monkeys,https://doi.org/10.1093/beheco/arag070,Behavioral Ecology,2026-05-15
220,Ontogenetic modulation of risk perception and decision making in larval anurans,https://doi.org/10.1093/beheco/arag011,Behavioral Ecology,2026-01-22
221,"Assessment strategy varies with resource ownership, individual and species identity in mantis shrimp",https://doi.org/10.1093/beheco/arag072,Behavioral Ecology,2026-06-16
222,Environmental variability affects individual variation in activity onset at large geographic scales,https://doi.org/10.1093/beheco/arag015,Behavioral Ecology,2026-01-22
223,Synchronous human–dolphin foraging increases fishing success despite prey unpredictability,https://doi.org/10.1093/beheco/arag106,Behavioral Ecology,2026-08-28
224,Group size predicts prenatal investment and offspring growth in a cooperatively breeding bird,https://doi.org/10.1093/beheco/arag095,Behavioral Ecology,2026-07-23
225,Patterns of flock formations in a wild chestnut thrush population before winter migration,https://doi.org/10.1093/beheco/arag104,Behavioral Ecology,2026-08-25
226,Replication studies: a win-win for early-career training and behavioral ecology,https://doi.org/10.1093/beheco/araf158,Behavioral Ecology,2026-01-22
227,Cognitive individual differences are key in the network of trait covariance,https://doi.org/10.1093/beheco/arag027,Behavioral Ecology,2026-02-27
228,Testing the Trivers-Willard hypothesis among groups of contrasting kinship systems,https://doi.org/10.1093/beheco/arag056,Behavioral Ecology,2026-05-15
229,Plasticity of vibratory courtship in response to nuptial gift quality in male Pisaura mirabilis,https://doi.org/10.1093/beheco/arag053,Behavioral Ecology,2026-05-13
230,Intra- and interspecific competition interact: multi-factorial experiments in two tit species,https://doi.org/10.1093/beheco/arag026,Behavioral Ecology,2026-03-09
231,Lionfish ( Pterois miles ) blow directed jets of water to manipulate prey behavior,https://doi.org/10.1093/beheco/arag087,Behavioral Ecology,2026-07-23
232,Dominance asymmetries shape vocal exchanges in meerkats,https://doi.org/10.1093/beheco/araf156,Behavioral Ecology,2026-01-13
233,Multilevel variation of instantaneous metabolism across activity and time in a songbird,https://doi.org/10.1093/beheco/arag043,Behavioral Ecology,2026-04-24
234,Macronutrient composition and glyphosate-based herbicide interact to influence resource allocation,https://doi.org/10.1093/beheco/arag042,Behavioral Ecology,2026-03-16
235,Eastern bluebird cognitive performance is resilient to acute anthropogenic noise disturbance,https://doi.org/10.1093/beheco/arag058,Behavioral Ecology,2026-05-15
236,Sexual dimorphism in pollen foraging and sensory traits in Heliconius butterflies,https://doi.org/10.1093/beheco/arag014,Behavioral Ecology,2026-02-12
237,"Fighter–pilot parents: relationships of nest defense with species, nest stage, and brood quality",https://doi.org/10.1093/beheco/arag050,Behavioral Ecology,2026-05-05
238,Courtship choreography is stabilized among genetically isolated populations,https://doi.org/10.1093/beheco/arag048,Behavioral Ecology,2026-04-30
239,What controls the puppets? 20-hydroxyecdysone may not drive manipulation in Leucauge spiders,https://doi.org/10.1093/beheco/arag086,Behavioral Ecology,2026-07-18
240,Personality predicts dispersal and settlement in a novel habitat—a mesocosm experiment,https://doi.org/10.1093/beheco/arag076,Behavioral Ecology,2026-07-08
241,Climate‐linked evolution and genetics in a warming Arctic,https://doi.org/10.1002/ecm.70053,Ecological Monographs,2026-02-01
242,Does restoring apex predators to food webs restore ecosystems? Reply,https://doi.org/10.1002/ecm.70049,Ecological Monographs,2026-02-01
243,Integrating biotic interactions in niche analyses unravels patterns of community composition in clownfishes,https://doi.org/10.1002/ecm.70062,Ecological Monographs,2026-05-01
244,Plant elemental diversity increases ecosystem productivity and temporal stability,https://doi.org/10.1002/ecm.70061,Ecological Monographs,2026-02-01
245,Using recommender systems to analyze and predict plant communities from partial assemblages,https://doi.org/10.1002/ecm.70056,Ecological Monographs,2026-02-01
246,Eutrophication reduces seagrass ecosystem stability by decreasing trophic transfer efficiency of energy and fatty acids,https://doi.org/10.1002/ecm.70076,Ecological Monographs,2026-08-01
247,Adaptation to warm environments with a fast pace of life in a marine predatory snail,https://doi.org/10.1002/ecm.70071,Ecological Monographs,2026-05-01
248,Genome size‐driven shifts in grassland productivity and species composition under nitrogen enrichment and mowing,https://doi.org/10.1002/ecm.70075,Ecological Monographs,2026-08-01
249,High resolution data reveal fundamental steps and turns in animal movements,https://doi.org/10.1002/ecm.70069,Ecological Monographs,2026-05-01
250,A transcontinental experiment elucidates (mal)adaptation of a cosmopolitan plant to climate in space and time,https://doi.org/10.1002/ecm.70043,Ecological Monographs,2026-02-01
251,Mammals' zoogeochemical effects change litter and soil biogeochemistry in a tropical rainforest,https://doi.org/10.1002/ecm.70070,Ecological Monographs,2026-05-01
252,Effects of invertebrates and local environment on decomposition rates of dead plant and animal biomass along an elevation gradient,https://doi.org/10.1002/ecm.70077,Ecological Monographs,2026-08-01
253,Microbial interactions as modular: Implications for ecosystem dynamics and evolution,https://doi.org/10.1002/ecm.70072,Ecological Monographs,2026-05-01
254,Seasonal evolution and its effects on competition,https://doi.org/10.1002/ecm.70060,Ecological Monographs,2026-02-01
255,A geometric approach to beta diversity: Reply,https://doi.org/10.1002/ecm.70074,Ecological Monographs,2026-05-01
256,Habitat heterogeneity and anthropogenic disturbance jointly affect species spatial associations and persistence,https://doi.org/10.1002/ecm.70059,Ecological Monographs,2026-02-01
257,Does restoring apex predators to food webs restore ecosystems? Comment,https://doi.org/10.1002/ecm.70050,Ecological Monographs,2026-02-01
258,Going round in cycles but going somewhere: Deciphering cyclical dynamics using Ecological Trajectory Analysis,https://doi.org/10.1002/ecm.70058,Ecological Monographs,2026-05-01
259,Metabolic growth mechanisms and theoretical growth potential of global woody plant communities,https://doi.org/10.1002/ecm.70048,Ecological Monographs,2026-02-01
260,A geometric approach to beta diversity: Comment,https://doi.org/10.1002/ecm.70073,Ecological Monographs,2026-05-01
261,Year‐round rhythms: Alpine plant species modulate soil and microbial dynamics during the growing season and under the snow,https://doi.org/10.1002/ecm.70055,Ecological Monographs,2026-02-01
262,Rapid ecological and evolutionary divergence during a poleward range expansion,https://doi.org/10.1002/ecm.70047,Ecological Monographs,2026-02-01
263,Benefits and costs of mycorrhizal associations vary along the acquisitive–conservative plant strategy spectrum,https://doi.org/10.1002/ecm.70057,Ecological Monographs,2026-02-01
264,"Endocranial morphology in worm lizards (Amphisbaenia, Squamata): multiple neuroanatomical solutions to a fossorial lifestyle",https://doi.org/10.1098/rspb.2026.0098,Proceedings of the Royal Society B Biological Sciences,2026-06-17
265,Early vertebrate biomineralization and eye structure determined by synchrotron X-ray analyses of Silurian jawless fish,https://doi.org/10.1098/rspb.2025.2248,Proceedings of the Royal Society B Biological Sciences,2026-01-28
266,Weak trophic position–body mass relationships undermine simple size-spectrum models for coral reefs,https://doi.org/10.1098/rspb.2025.2357,Proceedings of the Royal Society B Biological Sciences,2026-02-11
267,Rethinking how group composition shapes cooperation,https://doi.org/10.1098/rspb.2026.0197,Proceedings of the Royal Society B Biological Sciences,2026-04-08
268,Population history shapes urban evolutionary dynamics: distinct genetic structure across urban and rural Europe in two lepidopterans,https://doi.org/10.1098/rspb.2025.2434,Proceedings of the Royal Society B Biological Sciences,2026-01-21
269,Evolutionary rescue of freshwater copepods during historical lake acidification,https://doi.org/10.1098/rspb.2025.2650,Proceedings of the Royal Society B Biological Sciences,2026-02-04
270,Drivers and mechanisms of convergent forelimb reduction in non-avian theropod dinosaurs,https://doi.org/10.1098/rspb.2026.0528,Proceedings of the Royal Society B Biological Sciences,2026-05-20
271,Departures from Mendelian inheritance of EPSPS gene copies in a herbicide-resistant weed,https://doi.org/10.1098/rspb.2026.0685,Proceedings of the Royal Society B Biological Sciences,2026-06-17
272,Protocol waists and the developmental hourglass,https://doi.org/10.1098/rspb.2026.0426,Proceedings of the Royal Society B Biological Sciences,2026-07-01
273,An early burst of skeletal evolution at the origin of dinosaurs,https://doi.org/10.1098/rspb.2026.0102,Proceedings of the Royal Society B Biological Sciences,2026-04-22
274,Plasticity in collective behaviour helps fish shoals mitigate limited visual information from water turbidity,https://doi.org/10.1098/rspb.2026.0731,Proceedings of the Royal Society B Biological Sciences,2026-09-02
275,Genetic assimilation and accommodation shape adaptation to heat stress in a splash pool copepod,https://doi.org/10.1098/rspb.2025.3265,Proceedings of the Royal Society B Biological Sciences,2026-05-20
276,A shoot at the root? Unique development and evolution of the stigmarian apical meristem,https://doi.org/10.1098/rspb.2025.2863,Proceedings of the Royal Society B Biological Sciences,2026-04-29
277,Evolutionary time drives the inverse latitudinal diversity gradient of New World sparrows (Aves: Passerellidae),https://doi.org/10.1098/rspb.2026.0213,Proceedings of the Royal Society B Biological Sciences,2026-06-03
278,In-flight brainstem responses highlight the encoding of self-emitted echolocation calls in bats,https://doi.org/10.1098/rspb.2025.2988,Proceedings of the Royal Society B Biological Sciences,2026-02-25
279,Sex-role reversal and the Bateman gradient in coucals—females benefit from mating with multiple partners,https://doi.org/10.1098/rspb.2025.2860,Proceedings of the Royal Society B Biological Sciences,2026-02-04
280,"Reconstructing the viral histories of human, simian and prosimian immunodeficiency viruses across multiple evolutionary timescales",https://doi.org/10.1098/rspb.2026.0592,Proceedings of the Royal Society B Biological Sciences,2026-07-01
281,Recurrent evolution of ultraviolet vision in frogs and toads is linked to transitions in locomotor mode,https://doi.org/10.1098/rspb.2026.0553,Proceedings of the Royal Society B Biological Sciences,2026-06-03
282,Contrasting mechanisms for using humidity as cue for seasonal polyphenism in two tropical butterflies,https://doi.org/10.1098/rspb.2025.2986,Proceedings of the Royal Society B Biological Sciences,2026-05-13
283,Water availability regulates abrupt shifts in global terrestrial vegetation productivity by reducing resilience,https://doi.org/10.1098/rspb.2025.3118,Proceedings of the Royal Society B Biological Sciences,2026-04-01
284,Detecting stabilizing dynamics in biased biodiversity time series using Haar fluctuation analysis,https://doi.org/10.1098/rspb.2025.2840,Proceedings of the Royal Society B Biological Sciences,2026-04-22
285,Felid distributions in the Southern Yungas: enhancing species distribution models with field data,https://doi.org/10.1098/rspb.2025.2575,Proceedings of the Royal Society B Biological Sciences,2026-05-06
286,First direct quantification of floral handling costs in bees,https://doi.org/10.1098/rspb.2026.0206,Proceedings of the Royal Society B Biological Sciences,2026-05-20
287,Morphological variability as a buffer against extinction: insights from Hawaiian honeycreepers,https://doi.org/10.1098/rspb.2025.2594,Proceedings of the Royal Society B Biological Sciences,2026-04-01
288,"The evolutionary link between food, condiments and medicine",https://doi.org/10.1098/rspb.2026.0459,Proceedings of the Royal Society B Biological Sciences,2026-06-03
289,Interaction range of common goods shapes Black Queen dynamics beyond the cheater–cooperator narrative,https://doi.org/10.1098/rspb.2026.0911,Proceedings of the Royal Society B Biological Sciences,2026-07-01
290,Differing temperature regimes have no impact on the heat stress response of shallow and upper-mesophotic populations of a temperate calcareous sponge,https://doi.org/10.1098/rspb.2025.1103,Proceedings of the Royal Society B Biological Sciences,2026-02-04
291,Range of motion and myology support a digging function for the forelimbs of alvarezsauroid dinosaurs,https://doi.org/10.1098/rspb.2026.0565,Proceedings of the Royal Society B Biological Sciences,2026-05-13
292,The forest within the forest: restoration of Galapagos host–epiphyte networks,https://doi.org/10.1098/rspb.2025.2538,Proceedings of the Royal Society B Biological Sciences,2026-07-15
293,Mean response and response diversity predict interactive stressor effects on coexistence in competitive communities,https://doi.org/10.1098/rspb.2025.3093,Proceedings of the Royal Society B Biological Sciences,2026-03-04
294,Alternative filter materials to natural sand and gravel in soil-based wastewater treatment systems,https://doi.org/10.1007/s11356-026-37831-8,Environmental Science and Pollution Research,2026-05-28
295,"Prediction of effluent biochemical and chemical oxygen demand in Lake Manzala Hybrid Constructed Wetlands, Egypt using a linear regression-gradient boosting framework",https://doi.org/10.1007/s11356-026-38073-4,Environmental Science and Pollution Research,2026-07-24
296,"Toward energy self-sufficiency in small municipal wastewater treatment plants: assessment of energy recovery potential, process economic balance, and greenhouse gas avoidance",https://doi.org/10.1007/s11356-026-37735-7,Environmental Science and Pollution Research,2026-04-13
297,Comment on “Adsorption of phenol and bisphenol-A by activated carbon and graphene oxide: a comparative study”,https://doi.org/10.1007/s11356-026-37763-3,Environmental Science and Pollution Research,2026-04-18
298,Recovery of valuables from steel mill oily magnetic filtration waste and their application in coke plant wastewater treatment,https://doi.org/10.1007/s11356-025-37381-5,Environmental Science and Pollution Research,2026-01-13
299,Mixed-linker Zn(II) coordination polymer with structurally accessible binding sites for recyclable trace-level removal of trimethoprim from wastewater,https://doi.org/10.1007/s11356-026-37969-5,Environmental Science and Pollution Research,2026-06-29
300,Paternal lead exposure induces transgenerational oxidative stress and down-regulation of antioxidant genes in Drosophila melanogaster,https://doi.org/10.1007/s11356-026-38126-8,Environmental Science and Pollution Research,2026-08-04
301,Resistance evolution to basil essential oil: how selection pressure shapes tolerance and fitness costs in Aphis craccivora,https://doi.org/10.1007/s11356-026-38172-2,Environmental Science and Pollution Research,2026-08-27
302,Microwave-assisted extraction and RSM optimization of date palm fibrillium colorants for sustainable wool dyeing,https://doi.org/10.1007/s11356-026-37803-y,Environmental Science and Pollution Research,2026-04-29
303,"Metagenomic insights into microbial community, antibiotic resistance genes, and virulence factor in Saryu River water, India",https://doi.org/10.1007/s11356-026-37806-9,Environmental Science and Pollution Research,2026-05-05
304,"Geospatial technologies and MCE technique–based assessment of groundwater potential in Angereb Watershed, Northwest Ethiopia",https://doi.org/10.1007/s11356-026-37603-4,Environmental Science and Pollution Research,2026-03-13
305,Study of the potential of composite material based on zeolite and geopolymer as an adsorbent of toxic metals,https://doi.org/10.1007/s11356-026-37751-7,Environmental Science and Pollution Research,2026-04-29
306,"Impact of Rhizophora mucronata leaf litter on water quality, tannin, feed conversion, survival rate, and production of Tiger shrimp Penaeus monodon (Fabricius, 1798) cultured in brackish water ponds",https://doi.org/10.1007/s11356-026-37837-2,Environmental Science and Pollution Research,2026-05-14
307,"Comparative analysis of nanosilver toxicity in C. elegans: influence of exposure media on accumulation, physiological and biochemical effects",https://doi.org/10.1007/s11356-025-37339-7,Environmental Science and Pollution Research,2026-01-22
308,"Removal of dyes using multifunctional copolymer comprising, starch-citric, cinnamic, and acrylic acids as an adsorbent",https://doi.org/10.1007/s11356-026-37970-y,Environmental Science and Pollution Research,2026-06-29
309,Assessing differences among elasmobranch nurseries to aid conservation based on a genomics framework,https://doi.org/10.1111/cobi.70280,Conservation Biology,2026-04-13
310,An integrated approach to balance freshwater connectivity restoration and invasion risk,https://doi.org/10.1111/cobi.70215,Conservation Biology,2026-01-14
311,Assessing responses of reef island seabirds to environmental and anthropogenic drivers,https://doi.org/10.1111/cobi.70335,Conservation Biology,2026-07-09
312,Temporal integration of diurnal and nocturnal interactions enhances the robustness of plant–pollinator networks,https://doi.org/10.1111/cobi.70377,Conservation Biology,2026-08-27
313,Changes in the transformative potential of action proposals in Finnish Red Lists from 1986 to 2019,https://doi.org/10.1111/cobi.70312,Conservation Biology,2026-05-06
314,Monitoring wildlife health for diseases with visible signs by integrating camera traps with marked individuals,https://doi.org/10.1111/cobi.70283,Conservation Biology,2026-04-13
315,"Debate, pluralism, and power in epistemological violence: Reply to Simpson et al. (2026)",https://doi.org/10.1111/cobi.70336,Conservation Biology,2026-06-26
316,Argali sheep responses to a core conservation zone in the Gobi Desert over 12 years,https://doi.org/10.1111/cobi.70264,Conservation Biology,2026-04-09
317,Delayed plant genetic responses to forest edge dynamics and their conservation implications,https://doi.org/10.1111/cobi.70297,Conservation Biology,2026-04-21
318,Comparative species distribution model framework for marine conservation and its application to loggerhead turtles in the Mediterranean,https://doi.org/10.1111/cobi.70347,Conservation Biology,2026-07-01
319,"A practical, adaptive compliance management framework for improving marine protected area effectiveness",https://doi.org/10.1111/cobi.70246,Conservation Biology,2026-03-18
320,Noted with interest,https://doi.org/10.1111/cobi.70182,Conservation Biology,2026-01-30
321,Evaluating the empirical basis for threat attribution in the IUCN Red List,https://doi.org/10.1111/cobi.70213,Conservation Biology,2026-01-16
322,"Screwworm reemergence, illegal cattle movements, and emerging risks to wildlife and protected areas in Mesoamerica",https://doi.org/10.1111/cobi.70333,Conservation Biology,2026-06-10
323,Exploring legal‐ and health‐risk messaging to reduce demand for elephant skin,https://doi.org/10.1111/cobi.70342,Conservation Biology,2026-06-20
324,Soil Carbon Sequestration Following Natural Vegetation Recovery on Abandoned European Lands: Review and Research Needs,https://doi.org/10.1111/ejss.70333,European Journal of Soil Science,2026-05-01
325,Impact of Seasonal Waterlogging on Organic Carbon Stabilisation and Microbial Communities in Cultivated Mineral Soils,https://doi.org/10.1111/ejss.70391,European Journal of Soil Science,2026-07-01
326,Divergent Shifts in Soil Nutrient Stoichiometry and Microbial Quotient From Topsoil to Subsoil After Forest Conversion,https://doi.org/10.1111/ejss.70287,European Journal of Soil Science,2026-01-01
327,Time‐Dependent Effects of Subsoil Chiselling on Soil Physical Resilience in a Semi‐Arid Soybean‐Wheat Cropping System,https://doi.org/10.1111/ejss.70258,European Journal of Soil Science,2026-01-01
328,Two Decades of Climate and Land Use Change Reshape Water Erosion Patterns Across India,https://doi.org/10.1111/ejss.70366,European Journal of Soil Science,2026-05-01
329,"Green Manuring‐Based Systems and Nutrient Management Interactions Modulate Aggregate CN Stoichiometry, Soil C‐Stock, and Crop Yield",https://doi.org/10.1111/ejss.70417,European Journal of Soil Science,2026-09-01
330,"Element Stoichiometry Across Grassland Plant Tissues and Rhizospheres: Role of Plant Traits, Soil and Land‐Use Intensity",https://doi.org/10.1111/ejss.70321,European Journal of Soil Science,2026-03-01
331,Opportunities and Challenges for Sustainable Agricultural Soil Management in Switzerland,https://doi.org/10.1111/ejss.70355,European Journal of Soil Science,2026-05-01
332,Beyond Diversity: Does Microbial Composition Drive Soil Multifunctionality in Cultivated Wetlands?,https://doi.org/10.1111/ejss.70421,European Journal of Soil Science,2026-09-01
333,Soil Preservation in Warming Climate: Organic Amendments Enhance Microbial Carbon Use Efficiency in Mediterranean Soils,https://doi.org/10.1111/ejss.70323,European Journal of Soil Science,2026-03-01
334,Lower Carbon but Higher Mesofauna β‐Diversity Under Bracken in Open Habitats Not Indicative of Woodland Soil: Case Study,https://doi.org/10.1111/ejss.70407,European Journal of Soil Science,2026-08-28
335,Deep Straw Incorporation Reduces Soil CO 2 Emission Increments Caused by Rainfall Events,https://doi.org/10.1111/ejss.70410,European Journal of Soil Science,2026-09-01
336,Microbial Driven C‐P Coupled Coordination Facilitates Soil Health,https://doi.org/10.1111/ejss.70288,European Journal of Soil Science,2026-01-01
337,"Handheld‐Colorimeter‐Based Soil Color Survey of Red Soils in SW Brandenburg, North German Lowlands",https://doi.org/10.1111/ejss.70398,European Journal of Soil Science,2026-07-01
338,Drainage Conditions Complicate the “More Is Better” Paradigm in Soil Health Assessment,https://doi.org/10.1111/ejss.70364,European Journal of Soil Science,2026-05-01
339,Correlates of Sexual Minority Stress Profiles in Sexual Minority Men Living with HIV Who Use Stimulants,https://doi.org/10.1007/s10508-025-03319-8,Archives of Sexual Behavior,2026-02-01
340,Trends in Median Age at First Sex and Age at First Marriage Among Youth in Tanzania: Accelerated Failure Time Model (1994–2016),https://doi.org/10.1007/s10508-025-03282-4,Archives of Sexual Behavior,2026-01-01
341,"Sexual Communication: Assessing the Validity of Three Scales that Reflect In-Person, Text-Based, and Voice Chat-Based Frequency of Communication Among U.S. Young Adults",https://doi.org/10.1007/s10508-026-03444-y,Archives of Sexual Behavior,2026-05-01
342,Doing “Good Women”: Life Stories of Three Javanese Muslim Women’s Pathways into Sex Work in Indonesia,https://doi.org/10.1007/s10508-025-03383-0,Archives of Sexual Behavior,2026-02-01
343,Prevalence and Factors Associated with Sexual Addiction in Men Who Have Sex with Men Seeking Treatment for Problematic Chemsex: Findings from the CHAMELEON Cross-Sectional Study,https://doi.org/10.1007/s10508-025-03392-z,Archives of Sexual Behavior,2026-02-01
344,Why Sexual Choking Is Not as Safe as You Think: A Call to Action from Sex Researchers and Kink Educators,https://doi.org/10.1007/s10508-026-03481-7,Archives of Sexual Behavior,2026-06-01
345,Woman Up!: Vertical Metaphors for Gender in Chinese Bai Practitioners of Azhaliism,https://doi.org/10.1007/s10508-026-03489-z,Archives of Sexual Behavior,2026-05-01
346,Response to Mahr’s (2026) Response to Wright’s (2025) “Why There Are Exactly Two Sexes”,https://doi.org/10.1007/s10508-026-03452-y,Archives of Sexual Behavior,2026-03-26
347,Adapting and Validating the Indonesian Version of the Masturbatory Premature Ejaculation Diagnostic Tool: A Questionnaire for Masturbation-Related Ejaculatory Symptoms,https://doi.org/10.1007/s10508-026-03587-y,Archives of Sexual Behavior,2026-05-01
348,Sexual Interest and Arousal in Males Who Are Civilly Committed: Exploring Overlap and Distinctions,https://doi.org/10.1007/s10508-026-03547-6,Archives of Sexual Behavior,2026-09-19
349,Pornography Use Habits of Sexually and Non-Sexually Delinquent Youth,https://doi.org/10.1007/s10508-025-03296-y,Archives of Sexual Behavior,2026-01-01
350,Dual Nature of Sexual Desire: The Unique Roles of General and Partner-Specific Sexual Desire in Romantic Relationships,https://doi.org/10.1007/s10508-026-03430-4,Archives of Sexual Behavior,2026-03-01
351,When Terminology Matters: Lessons from Bangladesh and Pakistan on Defining Hijra and Transgender,https://doi.org/10.1007/s10508-026-03651-7,Archives of Sexual Behavior,2026-09-05
352,Persistence of Intimate Partner Violence and Its Relationship to HIV Prevention Behaviors and Attitudes: A Longitudinal Study of Coupled Sexual Minority Men,https://doi.org/10.1007/s10508-025-03363-4,Archives of Sexual Behavior,2026-02-01
353,"Depression, Suicidality, and Substance Abuse Among Sexual Risk Behavior Subgroups of Male High School Students",https://doi.org/10.1007/s10508-026-03459-5,Archives of Sexual Behavior,2026-04-01
354,Amplifying the transformative impact of landscape-oriented partnerships: understanding conditions for and interactions of amplification processes,https://doi.org/10.5751/es-16897-310114,Ecology and Society,2026-01-01
355,Feral dogs on X: the debate in Chilean society,https://doi.org/10.5751/es-17258-310233,Ecology and Society,2026-01-01
356,Games for better futures: using the X-curve to seed a more sustainable games industry,https://doi.org/10.5751/es-17263-310226,Ecology and Society,2026-01-01
357,Loyalty over talent: biased feedback and political capture in China’s project-based rangeland investment,https://doi.org/10.5751/es-17719-310331,Ecology and Society,2026-01-01
358,From announced newcomers to unexpected guests: attitudes of local communities toward reintroduced Eurasian beavers ( Castor fiber ) across their expansion area in the Western Carpathians,https://doi.org/10.5751/es-17302-310216,Ecology and Society,2026-01-01
359,Influences of ecological change and social networks on conservation professionals’ and producers’ risk assessments of a vegetation transition,https://doi.org/10.5751/es-16957-310141,Ecology and Society,2026-01-01
360,Anti-fire statements coexist with millions of anthropogenic fires in Madagascar,https://doi.org/10.5751/es-17120-310210,Ecology and Society,2026-01-01
361,"Nature relatedness, rather than species knowledge, facilitates biodiversity-friendly food choices",https://doi.org/10.5751/es-17472-310317,Ecology and Society,2026-01-01
362,Culinary practices and the study of long-term cultural resilience,https://doi.org/10.5751/es-17373-310307,Ecology and Society,2026-01-01
363,"Past lines, present divides: mapping the biography of boundaries in protected area governance",https://doi.org/10.5751/es-16380-310105,Ecology and Society,2026-01-01
364,"Using landscape approaches to understand peacebuilding policy coherence: a case study of Caquetá, Colombia",https://doi.org/10.5751/es-17074-310201,Ecology and Society,2026-01-01
365,From Aristotle to Heraclitus,https://doi.org/10.5751/es-17113-310137,Ecology and Society,2026-01-01
366,Where have all the farmers gone? Spatial–temporal transformations of peri-urban agriculture in the Metropolitan Area of Barcelona,https://doi.org/10.5751/es-16730-310135,Ecology and Society,2026-01-01
367,Beyond the shoreline: making sense of coexistence for the marine governance realm,https://doi.org/10.5751/es-17555-310301,Ecology and Society,2026-01-01
368,Science and policy in murky waters: four cases of compliance with the European Union Water Framework Directive,https://doi.org/10.5751/es-16634-310116,Ecology and Society,2026-01-01
369,New Protected Areas Face Increased Overlap With Humans and Reduced Overlap With Agriculture Upon Establishment,https://doi.org/10.1111/con4.70032,Conservation Letters,2026-03-01
370,Beyond Blame: Migration's Limited Role in Madagascar's Deforestation,https://doi.org/10.1111/con4.70018,Conservation Letters,2026-01-01
371,Improving the Classification of Wildlife Conservation Status to Support Nature Protection in the European Union,https://doi.org/10.1111/con4.70039,Conservation Letters,2026-05-01
372,The Many Pathways of Mining Impacts on Biodiversity,https://doi.org/10.1111/con4.70000,Conservation Letters,2026-01-01
373,Causes and Correlates of Unsustainable Scuba Diving Tourism on Coral Reefs,https://doi.org/10.1111/con4.70055,Conservation Letters,2026-05-01
374,Anchoring India's Umbrella Species to Biodiversity and Climate Gains,https://doi.org/10.1111/con4.70059,Conservation Letters,2026-05-01
375,Relative Vulnerability of US National Parks to Cumulative and Transformational Climate Impacts,https://doi.org/10.1111/con4.70020,Conservation Letters,2026-01-01
376,"The World Could Reach 30% Protection by 2030, and Still Fail to Conserve Biodiversity without Effective and Well‐located Protected Areas",https://doi.org/10.1111/con4.70030,Conservation Letters,2026-03-01
377,From Data to Decision: Leveraging Essential Variables in Standardizing Biodiversity and Ecosystem Services Monitoring and Reporting,https://doi.org/10.1111/con4.70042,Conservation Letters,2026-03-01
378,Opportunities Generated by Surf Conservation in West Africa and Atlantic Maghreb,https://doi.org/10.1111/con4.70019,Conservation Letters,2026-01-01
379,"eDNA Metabarcoding Identifies Fish Conservation Priorities in Deep‐Water Fjords of British Columbia, Canada",https://doi.org/10.1111/con4.70058,Conservation Letters,2026-05-01
380,Future‐Proofing Natura 2000 Through a Biocultural Approach,https://doi.org/10.1111/con4.70038,Conservation Letters,2026-03-01
381,The Paradox of Success in Conservation Performance Payments: Rising Costs and Declining Trust in Sweden's Carnivore Policy,https://doi.org/10.1111/con4.70057,Conservation Letters,2026-05-01
382,The Forgotten International Trade of Sawfish Rostral Teeth in Latin America,https://doi.org/10.1111/con4.70053,Conservation Letters,2026-03-01
383,"What Drives Conservation Adoption? Social Science Insights from Cattle Ranchers in the Pantanal Wetland, Brazil",https://doi.org/10.1111/con4.70033,Conservation Letters,2026-03-01
384,"A multi‑decadal analysis of Pyroclastic Density Currents and lahar facies dynamics at Mount Sinabung, Indonesia (1995 to 2024) using multi‑sensor remote sensing and machine learning",https://doi.org/10.1080/01431161.2026.2707264,International Journal of Remote Sensing,2026-07-24
385,Enhancing masked autoencoders with kolmogorov-arnold networks and metric learning for robust hyperspectral analysis,https://doi.org/10.1080/01431161.2026.2619149,International Journal of Remote Sensing,2026-02-08
386,"Glacial lake expansion and GLOF hazard assessment of Kedartal, upper Ganga basin: insights from remote sensing, climatological and 2D hydro-dynamic modelling",https://doi.org/10.1080/01431161.2026.2725266,International Journal of Remote Sensing,2026-09-01
387,Remote sensing of discharge-driven variability in sea surface salinity: tide and water quality as additive predictors,https://doi.org/10.1080/01431161.2026.2722345,International Journal of Remote Sensing,2026-09-01
388,Long-term monitoring of winter wheat phenology using a 30 m Landsat framework integrating curve reconstruction and machine learning in northern Henan and southern Xinjiang,https://doi.org/10.1080/01431161.2026.2720947,International Journal of Remote Sensing,2026-08-23
389,Adaptive Channel Attention Dropout (ACAD)-CNN technique for hyperspectral image-based Pichavaram mangrove species classification,https://doi.org/10.1080/01431161.2026.2684248,International Journal of Remote Sensing,2026-06-06
390,Prediction of deformation-gradient-exceedance-induced D-InSAR undetectable-zone boundaries and boundary-constrained fusion for full-basin mining subsidence estimation,https://doi.org/10.1080/01431161.2026.2699969,International Journal of Remote Sensing,2026-07-13
391,Fusion of digital elevation model data with RGB imagery for enhanced YOLOv8-seg landslide instance segmentation,https://doi.org/10.1080/01431161.2026.2720948,International Journal of Remote Sensing,2026-08-21
392,Optimal spectra for deciduous tree species identification in urban areas: insights from hyperspectral remote sensing,https://doi.org/10.1080/01431161.2026.2626094,International Journal of Remote Sensing,2026-02-19
393,"Evaluation of coastal land subsidence and inundation risk in coastal Kelantan, Malaysia",https://doi.org/10.1080/01431161.2026.2651994,International Journal of Remote Sensing,2026-04-08
394,Optimising coastal tide predictions: an ensemble satellite altimetry and optical remote sensing approach,https://doi.org/10.1080/01431161.2026.2666912,International Journal of Remote Sensing,2026-05-05
395,RCDA-Net: a residual contextual dual attention network for wildfire spread region prediction,https://doi.org/10.1080/01431161.2026.2619148,International Journal of Remote Sensing,2026-01-20
396,Hyperspectral assessment of road pavement condition using machine learning: a comparative study with EnMAP and PRISMA data,https://doi.org/10.1080/01431161.2026.2637846,International Journal of Remote Sensing,2026-03-19
397,Perception Encoders: strong zero-shot learners for aerial video classification,https://doi.org/10.1080/01431161.2026.2639145,International Journal of Remote Sensing,2026-03-09
398,Quantifying canopy-clumping effects on LiDAR detectability in heterogeneous forests using an effective detection factor,https://doi.org/10.1080/01431161.2026.2734355,International Journal of Remote Sensing,2026-09-18
399,‘SiteTool': a ‘Shiny' application for field site selection and evaluation,https://doi.org/10.1002/ecog.08455,Ecography,2026-04-14
400,Climate‐driven resource availability drives medium‐ and broad‐scale temporal changes in owl–prey interactions over 24 years in a semi‐arid ecosystem,https://doi.org/10.1002/ecog.08304,Ecography,2026-07-08
401,Environmental and geomorphological drivers of frog diversity on islands worldwide,https://doi.org/10.1002/ecog.07818,Ecography,2026-02-26
402,Long‐distance pollen transport mediated by migratory hoverflies,https://doi.org/10.1002/ecog.08963,Ecography,2026-09-14
403,"Climatic drivers prevail in montane and lowland Odonata latitudinal diversity gradients, but human modification erodes lowland patterns",https://doi.org/10.1002/ecog.08479,Ecography,2026-06-16
404,Predicting heat mortality in freshwater communities: temperature and oxygen effects,https://doi.org/10.1002/ecog.08277,Ecography,2026-02-01
405,Changing patterns of colonisation and persistence during the wolf recolonisation of the human‐dominated Italian alpine region,https://doi.org/10.1002/ecog.08044,Ecography,2026-06-22
406,Associations between mycorrhizal dominance and woody species diversity shift with stand development and climate across subtropical and tropical forests in Taiwan,https://doi.org/10.1002/ecog.08641,Ecography,2026-09-28
407,PondNet – towards a global network of experiments on the effects of climate change on aquatic ecosystems,https://doi.org/10.1002/ecog.07450,Ecography,2026-04-29
408,Combining paleoecology and modeling to explore cascading disturbances in forest ecosystems,https://doi.org/10.1002/ecog.08722,Ecography,2026-07-28
409,Precipitation and tree biomass correlate with the diversity and functional composition of tropical rainforest cricket assemblages across climate and disturbance gradients,https://doi.org/10.1002/ecog.08451,Ecography,2026-02-02
410,"Warming summers limit reindeer grazing, weakening herbivory pressure in the mountain tundra",https://doi.org/10.1002/ecog.08209,Ecography,2026-03-18
411,Harnessing the power of machine and deep learning for transferring joint species distribution models considering the structure of biotic interactions,https://doi.org/10.1002/ecog.08269,Ecography,2026-04-15
412,Lagged responses in the composition of small mammal communities to a century of climate change,https://doi.org/10.1002/ecog.08010,Ecography,2026-02-16
413,"Regeneration failure, fire, topography, and climate interact to drive temperate wet forest landscapes into fire traps",https://doi.org/10.1002/ecog.08550,Ecography,2026-07-06
414,"Developmental Temperature Does Not Influence Thermal Preferences but Affects Age at Sexual Maturity in the Tropical Lizard, Anolis cybotes",https://doi.org/10.1093/icb/icag117,Integrative and Comparative Biology,2026-01-01
415,TAMP-OS: An Open-Source Workflow for Tactile 3D-Printable Lithographs,https://doi.org/10.1093/icb/icag071,Integrative and Comparative Biology,2026-01-01
416,Ground Effect on Undulation and Pumping Near Surfaces,https://doi.org/10.1093/icb/icag026,Integrative and Comparative Biology,2026-01-01
417,Population consequences of physiological responses to stressors: A road map for endocrine data,https://doi.org/10.1093/icb/icag103,Integrative and Comparative Biology,2026-07-11
418,Activity Responses of Rana forreri and Rhinella horribilis Tadpoles to Predation Cues,https://doi.org/10.1093/icb/icag035,Integrative and Comparative Biology,2026-01-01
419,Developmental Plasticity in Response to Temperature Aligns with Allen’s but not Bergmann’s Rule,https://doi.org/10.1093/icb/icag059,Integrative and Comparative Biology,2026-01-01
420,Sex-Specific Neuroplasticity in the Brain of a Facultatively Social Orchid Bee,https://doi.org/10.1093/icb/icag012,Integrative and Comparative Biology,2026-01-01
421,The Architecture of Sexual Systems in Mosses and its Ecological and Evolutionary Consequences,https://doi.org/10.1093/icb/icag016,Integrative and Comparative Biology,2026-01-01
422,Endosymbiotic Apicomplexans of Marine Holobionts: Microbial Parasites in a Warming Ocean,https://doi.org/10.1093/icb/icag006,Integrative and Comparative Biology,2026-01-01
423,"Mechanosensory Stimuli, Rather Than Ambient Light, Shapes Freshwater Hatchetfish Aerial Escapes",https://doi.org/10.1093/icb/icag131,Integrative and Comparative Biology,2026-01-01
424,Flight Performance and Flight in Wind in Three Phylogenetically Distinct Miniature Insects,https://doi.org/10.1093/icb/icag099,Integrative and Comparative Biology,2026-01-01
425,Bite-Bot: A Robotic Platform for Studying Envenomation,https://doi.org/10.1093/icb/icag089,Integrative and Comparative Biology,2026-01-01
426,Symbiodiniaceae Community Structure and Thermal Tolerance in Soft Corals from Captive Aquarium Environments,https://doi.org/10.1093/icb/icag042,Integrative and Comparative Biology,2026-01-01
427,Integrating Field Capture and Flight Tunnel Analysis to Study Echolocation-guided Flight in Bats,https://doi.org/10.1093/icb/icag023,Integrative and Comparative Biology,2026-01-01
428,Predator Communities With Invasive Pike Are Associated With Changes in Parental Care and Brain Gene Expression in Wild Alaskan Stickleback,https://doi.org/10.1093/icb/icag130,Integrative and Comparative Biology,2026-01-01
429,Can Cuticular Hydrocarbons Be used as Chemotaxonomic Tool for Neosilba McAlpine (Diptera: Lonchaeidae)?,https://doi.org/10.1007/s10886-026-01693-8,Journal of Chemical Ecology,2026-02-24
430,Feral Cat Responses to Silver Vine: Implications for Feral Cat Management,https://doi.org/10.1007/s10886-026-01707-5,Journal of Chemical Ecology,2026-04-01
431,Chemotaxonomy and Ecological Role of Pyrrolizidine Alkaloids: A Comprehensive Review of the Case Study of Africa,https://doi.org/10.1007/s10886-026-01689-4,Journal of Chemical Ecology,2026-04-01
432,Ultra-Violet Induced Biochemical Changes in an Invasive Weed and their Implications for Plant-Biocontrol Agent Interactions,https://doi.org/10.1007/s10886-026-01699-2,Journal of Chemical Ecology,2026-03-04
433,Interfungal Volatile Signals Regulate Growth and Mycotoxin Production of Aspergillus parasiticus and Fusarium verticillioides in Maize Storage Systems,https://doi.org/10.1007/s10886-026-01728-0,Journal of Chemical Ecology,2026-06-01
434,Identification of A Sex Attractant Pheromone for the North American Click Beetle Elater abruptus (Coleoptera: Elateridae),https://doi.org/10.1007/s10886-026-01711-9,Journal of Chemical Ecology,2026-04-16
435,The Smoky Stick Insect: Defensive Chemicals From a Vietnamese Phasmatodean (Necrosciinae: Neohirasea catbaensis),https://doi.org/10.1007/s10886-026-01754-y,Journal of Chemical Ecology,2026-09-01
436,"Identification of Semiochemicals in the Feces of Stable Flies, Stomoxys calcitrans, that Attract Conspecific Flies",https://doi.org/10.1007/s10886-026-01765-9,Journal of Chemical Ecology,2026-09-25
437,"Herbicide Stress Modifies Defensive, Nutritional, and Volatile Chemistry of Red Maple Cultivars Associated with Chrysobothris Attraction",https://doi.org/10.1007/s10886-026-01743-1,Journal of Chemical Ecology,2026-07-25
438,Odour Profiling for Animal Management and Behavioural Manipulation: An Overview of the Tools and Applications,https://doi.org/10.1007/s10886-026-01770-y,Journal of Chemical Ecology,2026-09-29
439,Investigating a Semiochemical-Based Mechanism for the Beneficial Activity of Sorghum Intercropped with Soybeans on Management of Popillia Japonica,https://doi.org/10.1007/s10886-026-01734-2,Journal of Chemical Ecology,2026-07-04
440,Identification of VOCs from Lemon Plants Infested and Non-Infested with the Citrus Mealybug and the Attractiveness of Linalyl Acetate for Natural Enemies,https://doi.org/10.1007/s10886-025-01675-2,Journal of Chemical Ecology,2026-01-17
441,Identification of Sex Pheromone Components for the Click Beetles Melanotus piceatus Blatchley and Melanotus insipiens (Say) (Coleoptera: Elateridae),https://doi.org/10.1007/s10886-026-01702-w,Journal of Chemical Ecology,2026-03-09
442,Variable Signaling of Defense Status in Natural Populations of the Wild Radish Raphanus raphanistrum (Brassicaceae),https://doi.org/10.1007/s10886-025-01677-0,Journal of Chemical Ecology,2026-01-30
443,"The Effects of Acorn Origin, Environmental Microbiomes and Local Adaptation on the Leaf Metabolome",https://doi.org/10.1007/s10886-026-01692-9,Journal of Chemical Ecology,2026-02-01
444,Experimental evolution in communities: beyond pairwise interactions,https://doi.org/10.1093/evolut/qpag029,Evolution,2026-02-25
445,Evidence of genome-wide relaxed selection on mildly deleterious mutations in an ancient subterranean catfish,https://doi.org/10.1093/evolut/qpag158,Evolution,2026-09-08
446,Repeated evolution of high elevation occupation in tropical lizards,https://doi.org/10.1093/evolut/qpag159,Evolution,2026-09-11
447,Digest: Drift and environmental fluctuations reveal fitness variance under balancing selection,https://doi.org/10.1093/evolut/qpag057,Evolution,2026-04-07
448,Autopolyploid establishment under gametophytic self-incompatibility: the impact of self-fertilization and pollen limitation,https://doi.org/10.1093/evolut/qpag107,Evolution,2026-06-08
449,Diversity and disparity are decoupled in the most ecomorphologically diverse rodent radiation,https://doi.org/10.1093/evolut/qpag124,Evolution,2026-07-08
450,Behavior evolves as a correlated response to selection on cuticle color in Drosophila melanogaster and D. simulans,https://doi.org/10.1093/evolut/qpag105,Evolution,2026-06-05
451,"Rapid male benefit adaptation in response to sex-limitation, mates, and genetic context in Drosophila melanogaster",https://doi.org/10.1093/evolut/qpag162,Evolution,2026-09-17
452,Digest: Colony size drives the evolution of reproductive specialization in ants,https://doi.org/10.1093/evolut/qpag053,Evolution,2026-03-26
453,Monogamy is necessary but not sufficient for eusociality in African mole-rats (Rodentia: Bathyergidae),https://doi.org/10.1093/evolut/qpag045,Evolution,2026-03-12
454,Transcriptomic signatures of carotenoid-based color polytypism in Oophaga granulifera (Anura: Dendrobatidae),https://doi.org/10.1093/evolut/qpag160,Evolution,2026-09-10
455,Digest: Chance and necessity shape introgression patterns across three replicate avian hybrid zones,https://doi.org/10.1093/evolut/qpag058,Evolution,2026-04-07
456,Guarding versus self-guarding in innate immunity,https://doi.org/10.1093/evolut/qpag075,Evolution,2026-04-25
457,Genomic separation of Salish Sea and Pacific outer coast populations of the keystone sea star Pisaster ochraceus,https://doi.org/10.1093/evolut/qpag146,Evolution,2026-09-09
458,Adaptation to a Lower Protein Diet Before Reproduction Trades off with Immunocompetence and the Ability to Survive Pathogenic Infections,https://doi.org/10.1093/evolut/qpag175,Evolution,2026-09-25
459,Beyond bias: building a more inclusive and rigorous research culture in animal behaviour,https://doi.org/10.1016/j.anbehav.2026.123671,Animal Behaviour,2026-08-02
460,Female-centred decision making and social interactions in killer whales revealed by drone-based observations,https://doi.org/10.1016/j.anbehav.2026.123732,Animal Behaviour,2026-09-01
461,Associative learning in bumble bees is disrupted by high trace metal concentrations,https://doi.org/10.1016/j.anbehav.2026.123519,Animal Behaviour,2026-03-10
462,"Unlearned responses of chicks, Gallus gallus domesticus, towards aposematic insect-like stimuli",https://doi.org/10.1016/j.anbehav.2026.123479,Animal Behaviour,2026-02-11
463,Path minimization during solitary foraging in Aphaenogaster senilis ants,https://doi.org/10.1016/j.anbehav.2025.123461,Animal Behaviour,2026-01-29
464,"Birds on fire: severe disturbance by fireworks in wintering gulls, waterbirds and passerines",https://doi.org/10.1016/j.anbehav.2026.123670,Animal Behaviour,2026-07-25
465,Vision contributes to mate location in a diurnal moth: evidence from behaviour and opsin functions,https://doi.org/10.1016/j.anbehav.2026.123726,Animal Behaviour,2026-09-28
466,Better safe than sorry: antipredatory response of female ibex under multiple reproductive and environmental constraints,https://doi.org/10.1016/j.anbehav.2026.123658,Animal Behaviour,2026-07-18
467,Effect of sibling competition on a carotenoid-based begging signal in a songbird,https://doi.org/10.1016/j.anbehav.2026.123610,Animal Behaviour,2026-05-27
468,Urban blue tit nests and cigarette butts: accidental litter or adaptive behaviour?,https://doi.org/10.1016/j.anbehav.2026.123464,Animal Behaviour,2026-01-27
469,Association Page,https://doi.org/10.1016/s0003-3472(26)00275-7,Animal Behaviour,2026-09-30
470,Direction and expressivity of faces impact third-party social attention in rhesus macaques,https://doi.org/10.1016/j.anbehav.2026.123492,Animal Behaviour,2026-02-19
471,Shadow effects of competing stimuli on rescue and foraging behaviour in desert ants,https://doi.org/10.1016/j.anbehav.2026.123647,Animal Behaviour,2026-06-29
472,Growing up wild: social learning opportunities during foraging in immature baboons,https://doi.org/10.1016/j.anbehav.2025.123463,Animal Behaviour,2026-01-28
473,Locomotory behaviour of a wild ground beetle is consistent within individuals and dependent on temperature and humidity,https://doi.org/10.1016/j.anbehav.2026.123486,Animal Behaviour,2026-02-23
474,Effects of rigid vegetation on cross-shore profile evolution: Laboratory experiments,https://doi.org/10.1016/j.ecss.2026.110292,Estuarine Coastal and Shelf Science,2026-09-01
475,"Dietary spirulina improves the gastrointestinal indices and reproductive performance of long-whiskered catfish, Mystus gulio",https://doi.org/10.1016/j.ecss.2026.110094,Estuarine Coastal and Shelf Science,2026-07-01
476,Semi-supervised object-based classification of coastal dune vegetation land covers: A new hybrid labelling approach,https://doi.org/10.1016/j.ecss.2026.109880,Estuarine Coastal and Shelf Science,2026-04-03
477,"Length–Weight Relationship, Condition Factor, Somatic Indices, and Proximate Composition of Mugil cephalus Linnaeus, 1758 (Mugilidae, Mugiliformes) from Diu Lagoon, Gujarat",https://doi.org/10.1016/j.ecss.2026.110000,Estuarine Coastal and Shelf Science,2026-05-22
478,Differentiation of Lesueurigobius sanzi and L. suerii through otolith morphometric analysis,https://doi.org/10.1016/j.ecss.2026.109763,Estuarine Coastal and Shelf Science,2026-02-06
479,Occurrence of microplastics in farmed and wild snails along the coasts of Thailand: Implications for consumer exposure and health risks,https://doi.org/10.1016/j.ecss.2026.109707,Estuarine Coastal and Shelf Science,2026-01-03
480,Effects of groins on coastal sediment transport and subaqueous delta evolution: a case study in the Yellow River Delta,https://doi.org/10.1016/j.ecss.2026.110165,Estuarine Coastal and Shelf Science,2026-08-05
481,Meta analysis of Manning's coefficient for saltmarsh and mangroves to support broad scale assessment,https://doi.org/10.1016/j.ecss.2026.109791,Estuarine Coastal and Shelf Science,2026-02-26
482,Hybrid downscaling of sea surface salinity reveals future transition from freshening to salinification in coastal waters,https://doi.org/10.1016/j.ecss.2026.109788,Estuarine Coastal and Shelf Science,2026-02-26
483,Increasing ocean temperature reduces primary productivity in three Caribbean seagrass species: implications for future ecosystem function,https://doi.org/10.1016/j.ecss.2026.109762,Estuarine Coastal and Shelf Science,2026-02-04
484,The exchange of water and sediment across a microtidal Caribbean mangrove forest,https://doi.org/10.1016/j.ecss.2026.109933,Estuarine Coastal and Shelf Science,2026-05-06
485,From loss to life: how empty Pinna nobilis shells enhance motile macroinvertebrate habitats in soft-bottom environments,https://doi.org/10.1016/j.ecss.2026.109789,Estuarine Coastal and Shelf Science,2026-02-26
486,"3D finite-volume modeling of saltwater intrusion dynamics and mitigation under drought conditions: A case study of the Minjiang river estuary, China",https://doi.org/10.1016/j.ecss.2026.110025,Estuarine Coastal and Shelf Science,2026-05-30
487,Divergent soil microbial patterns despite similar TOC levels in Spartina alterniflora invasion and early-stage Scirpus mariqueter restoration,https://doi.org/10.1016/j.ecss.2026.109857,Estuarine Coastal and Shelf Science,2026-03-24
488,Spatial variation in isotopic niches and trophic structure of Callinectes sapidus in the Balearic Islands,https://doi.org/10.1016/j.ecss.2026.110053,Estuarine Coastal and Shelf Science,2026-06-20
489,Functional tipping points in plant–microbial N competition revealed by form‐specific uptake in alpine grasslands,https://doi.org/10.1111/1365-2745.70233,Journal of Ecology,2026-01-01
490,Interactions between nutrient levels and fluctuations shape soil fungal legacies and mediate non‐native plant growth,https://doi.org/10.1111/1365-2745.70279,Journal of Ecology,2026-03-01
491,Structural diversity surpasses species diversity in regulating the spatial variation of grassland productivity,https://doi.org/10.1111/1365-2745.70294,Journal of Ecology,2026-04-01
492,Environmental stress shifts community assembly from niche differentiation to trait convergence across Himalayan plant communities,https://doi.org/10.1111/1365-2745.70287,Journal of Ecology,2026-03-01
493,Genomic life‐history traits mediate the impacts of habitat loss and nutrient availability on fragmented grassland communities,https://doi.org/10.1111/1365-2745.70291,Journal of Ecology,2026-03-01
494,The intrinsic coordination of tree growth strategy and wood decomposability,https://doi.org/10.1111/1365-2745.70252,Journal of Ecology,2026-02-01
495,"Biodiversity, climate anomalies and human activities drive structural diversity–productivity relationships",https://doi.org/10.1111/1365-2745.70239,Journal of Ecology,2026-01-01
496,Sediment and rhizosphere microbes mediate seagrass growth responses to below‐ground nutrient limitation and enrichment,https://doi.org/10.1111/1365-2745.70327,Journal of Ecology,2026-04-01
497,Dominant species determine drought effects on grassland multifunctionality,https://doi.org/10.1111/1365-2745.70276,Journal of Ecology,2026-02-26
498,Plant nutritional and structural diversity shape multitrophic arthropod communities and grassland productivity,https://doi.org/10.1111/1365-2745.70316,Journal of Ecology,2026-04-01
499,Effects of habitat quality and fine‐scale spatial structure on epiphytic lichen and bryophyte communities,https://doi.org/10.1111/1365-2745.70274,Journal of Ecology,2026-03-01
500,Biological Flora of Britain and Ireland: Polygonatum multiflorum *,https://doi.org/10.1111/1365-2745.70235,Journal of Ecology,2026-02-01
501,Seed germination traits reveal naturalization potential: Global insights from temperate European herbaceous species,https://doi.org/10.1111/1365-2745.70223,Journal of Ecology,2026-01-01
502,"Towards rainy high Arctic winters: How experimental icing and summer warming affect tundra plant phenology, productivity and reproduction",https://doi.org/10.1111/1365-2745.70234,Journal of Ecology,2026-01-01
503,Landscape features predict broad‐scale seed rain patterns across fragments of the Brazilian Atlantic Forest,https://doi.org/10.1111/1365-2745.70328,Journal of Ecology,2026-05-01
504,Root exudates mediate microorganisms to improve rhizosphere nutrient availability and crop productivity under straw mulching and slow‐release nitrogen fertilizer,https://doi.org/10.1111/1365-2435.70327,Functional Ecology,2026-04-05
505,"Ecosystem openness to nitrogen and phosphorus controlled by fertilisation, mowing and plant diversity in a grassland",https://doi.org/10.1111/1365-2435.70382,Functional Ecology,2026-06-16
506,Shrub encroachment influences root traits and mycorrhization in subalpine grasslands,https://doi.org/10.1111/1365-2435.70349,Functional Ecology,2026-05-04
507,Unique species interactions determine the decomposition activity of fungal communities,https://doi.org/10.1111/1365-2435.70254,Functional Ecology,2026-01-18
508,Trait variation driven by tree size more than environment and shows limited translation to species vital rates,https://doi.org/10.1111/1365-2435.70427,Functional Ecology,2026-08-24
509,Warming and community context drive rapid plant evolution,https://doi.org/10.1111/1365-2435.70435,Functional Ecology,2026-08-23
510,Alleviation of phosphorus rather than nitrogen limitation driven by permafrost and landscape effects on Dahurian larch forests,https://doi.org/10.1111/1365-2435.70388,Functional Ecology,2026-06-23
511,Fungi rather than bacteria explain home‐field advantage for decomposition of litter carbon fractions,https://doi.org/10.1111/1365-2435.70247,Functional Ecology,2026-01-02
512,Plant economics traits predict plant carbon allocation and responsiveness to arbuscular mycorrhizal fungi under varying precipitation,https://doi.org/10.1111/1365-2435.70340,Functional Ecology,2026-04-26
513,Developmental plasticity drives converge nt shifts in phosphorus acquisition strategies towards root phosphatase activity in Moso bamboo under nitrogen addition,https://doi.org/10.1111/1365-2435.70368,Functional Ecology,2026-05-29
514,Soil N:P ratio influences species coexistence via nitrogen‐form niche differentiation in alpine grasslands,https://doi.org/10.1111/1365-2435.70348,Functional Ecology,2026-05-10
515,Goose herbivory alters soil microbial community functional potential in a sub‐Arctic wetland,https://doi.org/10.1111/1365-2435.70430,Functional Ecology,2026-08-19
516,Bee community assembly is regulated by functional traits in pristine tropical forest environments,https://doi.org/10.1111/1365-2435.70353,Functional Ecology,2026-04-30
517,Using thermal death time models to analyze cold stress resistance across Drosophila species,https://doi.org/10.1111/1365-2435.70379,Functional Ecology,2026-06-16
518,Degradable versus inert microplastics: Effects on soil organic carbon persistence via microbial drivers in an agroecosystem,https://doi.org/10.1111/1365-2435.70373,Functional Ecology,2026-06-08
519,Assessing the potential of runs of homozygosity to infer stock status of commercial bivalves under ongoing anthropogenic disturbances,https://doi.org/10.1093/icesjms/fsag130,ICES Journal of Marine Science,2026-07-01
520,A guide to navigating the complexities of quantitative trade-off analysis,https://doi.org/10.1093/icesjms/fsag077,ICES Journal of Marine Science,2026-05-01
521,Acoustic observations reveal diel behaviour and local abundance in white-edged rockfish ( Sebastes taczanowskii ),https://doi.org/10.1093/icesjms/fsag162,ICES Journal of Marine Science,2026-08-29
522,Significance of rare species in evaluating marine conservation effects on fish community using hill numbers,https://doi.org/10.1093/icesjms/fsag035,ICES Journal of Marine Science,2026-03-01
523,"Neural network AI models address foundational topics in fisheries science, including forecasting and harvest optimization",https://doi.org/10.1093/icesjms/fsag176,ICES Journal of Marine Science,2026-08-29
524,"The evolution, current practices, and future opportunities of retrospective analysis in stock assessment",https://doi.org/10.1093/icesjms/fsag079,ICES Journal of Marine Science,2026-05-01
525,Increased temperatures favour reproductive investment in smaller over larger female common sole ( Solea solea ) in the Northeast Atlantic,https://doi.org/10.1093/icesjms/fsag111,ICES Journal of Marine Science,2026-06-01
526,Predictions and probabilistic forecasts from seasonal spatio-temporal models are valuable to support fisheries assessments and management,https://doi.org/10.1093/icesjms/fsag170,ICES Journal of Marine Science,2026-08-16
527,Insights from the southern Benguela into adapting social vulnerability indices for local understanding and regional comparability,https://doi.org/10.1093/icesjms/fsaf236,ICES Journal of Marine Science,2026-01-01
528,"Ecological roles, climate-driven responses, and critical knowledge gaps of krill in the global ocean",https://doi.org/10.1093/icesjms/fsag090,ICES Journal of Marine Science,2026-05-01
529,"Mrs Hunt, you have a most curious child",https://doi.org/10.1093/icesjms/fsag018,ICES Journal of Marine Science,2026-01-31
530,Ecology and life history of baleen whales inform climate change vulnerabilities and priorities for future monitoring,https://doi.org/10.1093/icesjms/fsag042,ICES Journal of Marine Science,2026-03-01
531,Biomass distribution and swarm characteristics of Antarctic krill ( Euphausia superba ) in the Western Indian sector of the Southern Ocean,https://doi.org/10.1093/icesjms/fsag127,ICES Journal of Marine Science,2026-07-01
532,Positive rheotaxis increases settlement success of walleye ( Sander vitreus ) larvae in western Lake Erie,https://doi.org/10.1093/icesjms/fsag116,ICES Journal of Marine Science,2026-06-01
533,Field notes on public communication and engagement for the LOC-NESS Ocean Alkalinity Enhancement field trial,https://doi.org/10.1093/icesjms/fsag114,ICES Journal of Marine Science,2026-06-01
534,"Soundscapes of the Upper Amazon: Seasonal Activity Patterns of Insectivorous Bats in Cordillera Escalera, Peru",https://doi.org/10.1111/btp.70261,Biotropica,2026-09-01
535,Urban Environments Reshape Reproductive Phenology in Plants Across the Tropics,https://doi.org/10.1111/btp.70272,Biotropica,2026-09-28
536,Variation and Determinants of the Shape of Trees With Irregular Trunks in Central Africa,https://doi.org/10.1111/btp.70214,Biotropica,2026-05-01
537,Tree Growth Rates and Their Determinants Inform Sustainable Harvesting of Indigenous Woodlands in Zimbabwe,https://doi.org/10.1111/btp.70205,Biotropica,2026-05-01
538,Grass Communities Differ Floristically Under Different Dominant Trees in Savannas in Thailand and Cambodia,https://doi.org/10.1111/btp.70166,Biotropica,2026-02-17
539,Spatial Ecology of Jaguars in a Coastal Amazon Island Ecosystem,https://doi.org/10.1111/btp.70271,Biotropica,2026-09-01
540,"Effects of Land‐Use Intensification on Floral Resources, Bird Assemblages and Bird‐Flower Interaction Networks in the Western Ghats, India",https://doi.org/10.1111/btp.70262,Biotropica,2026-09-01
541,Run to the caves: frog refuges from harsh environments,https://doi.org/10.5281/zenodo.22018166,Biotropica,2026-08-01
542,Traits That Structure Birds Following Army Ant Swarms and the Roles of Both Facilitation and Competition,https://doi.org/10.1111/btp.70194,Biotropica,2026-03-01
543,First Record of Yellow‐Footed Tortoise ( Chelonoidis denticulatus ) Feces Attracting Dung Beetles,https://doi.org/10.1111/btp.70216,Biotropica,2026-05-01
544,Animal–Plant Interactions Under Defaunation: Consequences for Amazonian Trees of Commercial Interest,https://doi.org/10.1111/btp.70183,Biotropica,2026-02-27
545,Estimating Sunda Clouded Leopard Lifespans From Minimum Residence Times via Long‐Term Photo‐Tracking,https://doi.org/10.1111/btp.70169,Biotropica,2026-02-22
546,Ectomycorrhizal Fungal Communities Associated With Hopea odorata (Dipterocarpaceae) Planted in Tropical Urban Parks in Singapore,https://doi.org/10.1111/btp.70269,Biotropica,2026-09-28
547,Landscape Urban Cover Affects Species Richness but Not Functional Diversity of Mangrove‐Associated Birds,https://doi.org/10.1111/btp.70241,Biotropica,2026-07-01
548,Microhabitat Variation in Feeding Places Shape Ant‐Hemiptera Interactions Within Cocoa Agroecosystems,https://doi.org/10.1111/btp.70209,Biotropica,2026-05-01
549,Strain-dependent resistance of yellow mealworm (Coleoptera: Tenebrionidae) to bacterial infection with and without probiotic supplementation,https://doi.org/10.1093/jee/toag064,Journal of Economic Entomology,2026-03-22
550,"Turkestan cockroaches: History, invasion, and future threats",https://doi.org/10.1093/jee/toag284,Journal of Economic Entomology,2026-09-04
551,What is rindworm? Investigating a poorly understood pest complex in watermelon,https://doi.org/10.1093/jee/toaf354,Journal of Economic Entomology,2026-01-06
552,The role of the uncharacterized gene TuPSEG in host plant adaptation of Tetranychus urticae (Trombidiformes: Tetranychidae) and its potential for RNA interference-based control,https://doi.org/10.1093/jee/toag107,Journal of Economic Entomology,2026-04-08
553,Use of high-resolution melting for the rapid diagnosis of thrips (Insecta: Thysanoptera) in legume crops in South Florida,https://doi.org/10.1093/jee/toag120,Journal of Economic Entomology,2026-04-17
554,The odorant-binding proteins SfOBP23 and SfOBP24 facilitate the recognition of sugarcane volatile compounds by Spodoptera frugiperda larvae,https://doi.org/10.1093/jee/toag183,Journal of Economic Entomology,2026-06-16
555,Host plant use by spittlebug nymphs in agroecosystems: a field survey supporting targeted vegetation management,https://doi.org/10.1093/jee/toag179,Journal of Economic Entomology,2026-06-09
556,Why advances in sampling have not translated into improved arthropod pest management,https://doi.org/10.1093/jee/toag095,Journal of Economic Entomology,2026-03-24
557,Insecticide resistance in the German cockroach: where are we now?,https://doi.org/10.1093/jee/toag101,Journal of Economic Entomology,2026-04-01
558,"Increasing prevalence of Ovavesicula popilliae (Microsporidia), a pathogen of Japanese beetle (Coleoptera: Scarabaeidae), in the Midwest and Northcentral United States from 1999 to 2025",https://doi.org/10.1093/jee/toag249,Journal of Economic Entomology,2026-07-30
559,Projecting current and future global distributions of Frankliniella tenuicornis (Thysanoptera: Thripidae) and its natural enemies under climate change using the MaxEnt model,https://doi.org/10.1093/jee/toag069,Journal of Economic Entomology,2026-03-28
560,Modeling seasonal aphid (Hemiptera: Aphididae) dispersal into Idaho seed potato fields to inform potato virus Y management,https://doi.org/10.1093/jee/toag257,Journal of Economic Entomology,2026-08-11
561,Moving beyond grower compliance: why Bt corn resistance management depends on system-level coordination,https://doi.org/10.1093/jee/toag104,Journal of Economic Entomology,2026-04-02
562,Host sex pheromones affect parasitization preference of Trichogramma ostriniae (Hymenoptera: Trichogrammatidae),https://doi.org/10.1093/jee/toag226,Journal of Economic Entomology,2026-07-09
563,Convolutional neural network analysis of Diaphorina citri (Hemiptera: Liviidae) vibrational communication signals for enhanced mating disruption,https://doi.org/10.1093/jee/toag154,Journal of Economic Entomology,2026-05-23
564,Biology of Amaranthus cannabinus (L.) J.D. Sauer in U.S. Atlantic Coastal Wetlands,https://doi.org/10.2112/jcoastres-d-25a-00013.1,Journal of Coastal Research,2026-09-07
565,Holocene Rapid (Decades) Multi-Meter Marine Transgressions Attributable to Climatically Driven Antarctic Ice-Collapse Events: Is Another Collapse Imminent?,https://doi.org/10.2112/jcoastres-d-25-00026.1,Journal of Coastal Research,2026-01-02
566,Dutch Coast near The Hague.,https://doi.org/10.2112/0749-0208-42.3.i,Journal of Coastal Research,2026-05-05
567,Optimizing Beach Nourishment Design for Sea Turtle Nesting,https://doi.org/10.2112/jcoastres-d-26tm2-00004.1,Journal of Coastal Research,2026-05-05
568,Investigating Scene Segmentation for Improving Satellite-Derived Bathymetry Accuracy and Coverage,https://doi.org/10.2112/jcoastres-d-26tm1-00001.1,Journal of Coastal Research,2026-06-02
569,Impact of Climate Change on Livelihoods Due to Forced Migration: Alterations in Climatic Variables and Related Factors in Coastal Bangladesh,https://doi.org/10.2112/jcoastres-d-25a-00009.1,Journal of Coastal Research,2026-05-05
570,From Symptoms to Systems: Addressing the Root Causes of Disappearing Beaches through a Case Study from San Francisco's Ocean Beach,https://doi.org/10.2112/jcoastres-d-26tm4-00003.1,Journal of Coastal Research,2026-06-17
571,"An Introduction to California's Shoreline and Beaches: Past, Present, and Future",https://doi.org/10.2112/jcoastres-d-26tm4-intro,Journal of Coastal Research,2026-06-17
572,The Deadliest Beaches in the U.S.A.: North Shore of Puerto Rico,https://doi.org/10.2112/jcoastres-d-25-00045.1,Journal of Coastal Research,2026-01-23
573,Between the Right to Nature and the Rights of Nature: Accessibility and Environmental Quality in Argentine Beaches,https://doi.org/10.2112/jcoastres-d-26tm4-00002.1,Journal of Coastal Research,2026-05-05
574,"Decadal-Scale Shore Morphological Changes of Hatiya Island (Meghna Estuary, Bangladesh)",https://doi.org/10.2112/jcoastres-d-24-00089.1,Journal of Coastal Research,2026-01-02
575,Remote Sensing of the Nearshore Seafloor: Introduction to the Thematic Section,https://doi.org/10.2112/jcoastres-d-26tm1-intro,Journal of Coastal Research,2026-07-01
576,"Impacts of Three Consecutive Hurricanes in 2024 along Low-lying Heavily Developed Barrier Islands, West-Central Florida, U.S.A.",https://doi.org/10.2112/jcoastres-d-26tm2-00001.1,Journal of Coastal Research,2026-05-05
577,Beyond the Cliffs: A Deeper Perspective of Nearshore Rock Coast Morphodynamics along the Central–Southern New South Wales Coast,https://doi.org/10.2112/jcoastres-d-25-00041.1,Journal of Coastal Research,2026-01-13
578,Increasing Rock Revetment Slope Stability through Microbially Induced Bio-Cementation,https://doi.org/10.2112/jcoastres-d-25-00038.1,Journal of Coastal Research,2026-03-05
579,Phylogenetic Patterns in Hunting and Extinction Risk in Primates,https://doi.org/10.1111/acv.70068,Animal Conservation,2026-05-04
580,The Need to Manage Prey Fish Biomass to Support Shark Conservation,https://doi.org/10.1111/acv.70067,Animal Conservation,2026-05-06
581,When “Rescue” Means Exile: The Urgency of Science‐Based Protocols for Large Carnivore Interactions and Coexistence in the Neotropics,https://doi.org/10.1111/acv.70070,Animal Conservation,2026-05-04
582,A Threat‐Scoring Framework Using Crowdsourced Data Indicates High Threat Levels in Fossorial Shieldtail Snakes,https://doi.org/10.1111/acv.70064,Animal Conservation,2026-04-15
583,Using Two‐Stage Random Sampling and N‐Mixture Models to Estimate the Breeding Population Size of a Threatened Nomadic Species in Morocco,https://doi.org/10.1111/acv.70087,Animal Conservation,2026-07-08
584,Species‐Specific Genetic Patterns in Sympatric Freshwater Turtles Challenge a Generalized Multi‐Species Conservation Approach,https://doi.org/10.1111/acv.70048,Animal Conservation,2026-01-06
585,"Understanding Mammalian Habitat Use With a Multi‐Species, Multi‐Scale Approach: The Jaguar Protection Corridor in Guaviare, Colombia",https://doi.org/10.1111/acv.70084,Animal Conservation,2026-07-06
586,Intense Hunting Pressure Drives Roost Use in the Egyptian Fruit Bat: Conservation and One Health Implications,https://doi.org/10.1111/acv.70056,Animal Conservation,2026-03-12
587,Impacts of the Australian Black Summer Fires on Bat Occupancy and Activity: The Role of Traits and Conservation Status,https://doi.org/10.1111/acv.70086,Animal Conservation,2026-07-06
588,Testing the Assumption That Tiger Population Recovery Increases Conflict Across Their Range,https://doi.org/10.1111/acv.70105,Animal Conservation,2026-08-28
589,Movement Responses of Seals During Pile Driving for Offshore Wind Farm Construction,https://doi.org/10.1111/acv.70102,Animal Conservation,2026-08-31
590,Prey Partitioning in a Diverse Carnivore Community: Implications for Reintroduced Fishers in Washington,https://doi.org/10.1111/acv.70062,Animal Conservation,2026-03-17
591,Seasonal Habitat Selection by a Threatened Ungulate in an Industrializing Boreal Landscape,https://doi.org/10.1111/acv.70063,Animal Conservation,2026-04-10
592,Managing the Threat of Subsidized Predators for a Threatened Shorebird,https://doi.org/10.1111/acv.70054,Animal Conservation,2026-01-29
593,The Dilemma of Ground‐Nesting Bird Conservation Impacted by Rewilded Megaherbivore Populations,https://doi.org/10.1111/acv.70090,Animal Conservation,2026-07-15
594,Estimating Distribution Range Shifts of the Japanese Alpine Butterfly Colias palaeno Induced by Historical Climate Fluctuations and the Crucial Role of Its Host Plant,https://doi.org/10.1111/1440-1703.70103,Ecological Research,2026-06-28
595,Quantifying the Radial Profile of Stem Sap Flux Density in a Cool Temperate Forest of Japan: Tree‐To‐Tree Variability Outweighs Seasonal and Species‐Specific Effects,https://doi.org/10.1111/1440-1703.70096,Ecological Research,2026-06-22
596,Direct and Element‐Mediated Edaphic Effects Shape Resource‐Conservative Leaf Trait Variation Across Serpentine and Limestone Soils,https://doi.org/10.1111/1440-1703.70124,Ecological Research,2026-09-01
597,Measurement of Ungulate Palatability and Browsing Pressure on Japanese Flora,https://doi.org/10.1111/1440-1703.70030,Ecological Research,2026-01-01
598,Morphological Characteristics of Radical Leaves in the Serpentine Ecotype of Adenophora triphylla var. japonica (Campanulaceae) Revealed by Cultivation Experiments,https://doi.org/10.1111/1440-1703.70131,Ecological Research,2026-09-25
599,Influence of Root‐Applied Glutathione on Nickel Uptake and Distribution in Brassica Roots,https://doi.org/10.1111/1440-1703.70075,Ecological Research,2026-05-01
600,Detection of Vertebrate Diversity Using Fly‐ and Leech‐Derived iDNA,https://doi.org/10.1111/1440-1703.70044,Ecological Research,2026-01-30
601,Comparative Ionomics of Lycopodiaceae and Selaginellaceae Across Diverse Soil Types in Japan,https://doi.org/10.1111/1440-1703.70094,Ecological Research,2026-06-16
602,"Egg and Chick Size in the Nests of Common Gulls in Lake Chany, West Siberia, Russia From 1993 to 2011",https://doi.org/10.1111/1440-1703.70106,Ecological Research,2026-07-01
603,"Longitudinal Variation in Dispersal Phenotypes of the Fat Minnow ( Rhynchocypris oxycephala jouyi ) in a Small Stream in Western Shikoku, Japan",https://doi.org/10.1111/1440-1703.70102,Ecological Research,2026-07-01
604,The Potential for Pest Management Using Plant‐Derived Signaling Compounds,https://doi.org/10.1111/1440-1703.70123,Ecological Research,2026-09-01
605,Urbanization Effects on the Community Structure of Saproxylic Arthropods in Warm‐Temperate Japan,https://doi.org/10.1111/1440-1703.70115,Ecological Research,2026-08-21
606,"Nickel Accumulation in the Endemic Species Odontarrhena orbelica From Pirin Mountain, Bulgaria",https://doi.org/10.1111/1440-1703.70121,Ecological Research,2026-08-31
607,Ontogenetic Shifts in Prey Selection by Flower‐Dwelling Spiders: Implications of Predation by Small Immatures on Floral Exploiters,https://doi.org/10.1111/1440-1703.70064,Ecological Research,2026-04-10
608,Shrub Expansion Mediates the Relationship Between Alpine Meadow Biodiversity and Ecosystem Multifunctionality,https://doi.org/10.1111/1440-1703.70073,Ecological Research,2026-04-26
609,"Accumulation of per- and polyfluoroalkyl substances (PFAS) and their association with immune parameters in nestling ospreys ( Pandion haliaetus ) from Chesapeake and Delaware Bays, USA",https://doi.org/10.1093/etojnl/vgag055,Environmental Toxicology and Chemistry,2026-03-10
610,A novel method for testing the impacts of pesticide exposure on soil-nesting insects: A case study using the ant Lasius neoniger and the neonicotinoid insecticide imidacloprid,https://doi.org/10.1093/etojnl/vgag146,Environmental Toxicology and Chemistry,2026-06-02
611,Harmonizing ecotoxicological data reporting: A guide for toxicologists and chemists,https://doi.org/10.1093/etojnl/vgag061,Environmental Toxicology and Chemistry,2026-03-14
612,Critical review of in vitro dosing methods for difficult-to-test substances and hydrocarbon UVCBs,https://doi.org/10.1093/etojnl/vgag044,Environmental Toxicology and Chemistry,2026-02-17
613,"Widespread occurrence of volatile methyl siloxanes in settled dust from three regions in Vietnam: Geographical variations, indoor–outdoor differences, and human exposure assessment",https://doi.org/10.1093/etojnl/vgag194,Environmental Toxicology and Chemistry,2026-08-11
614,Sensitivity of cyanobacteria to herbicides commonly used in aquatic systems: Implications for controlling harmful algal blooms,https://doi.org/10.1093/etojnl/vgag090,Environmental Toxicology and Chemistry,2026-04-04
615,Integrative network-based construction of ecologically relevant computational adverse outcome pathways for organic mercury-induced toxicity,https://doi.org/10.1093/etojnl/vgag026,Environmental Toxicology and Chemistry,2026-01-28
616,Effects of Body Size and Month of Collection on Total Mercury and Methylmercury Concentrations in Orb-weaver Spiders: Implications for the Use of Riparian Spiders as Sentinels,https://doi.org/10.1093/etojnl/vgag260,Environmental Toxicology and Chemistry,2026-09-28
617,Horizon scanning to identify emerging environmental health concerns: Community-based strategies to shift from reactive to proactive approaches,https://doi.org/10.1093/etojnl/vgag243,Environmental Toxicology and Chemistry,2026-09-04
618,Total copper explains variation in soil organic carbon accumulation but not in situ soil respiration: An ecosystem evaluation of a century-old wood impregnation site,https://doi.org/10.1093/etojnl/vgag155,Environmental Toxicology and Chemistry,2026-07-09
619,Prioritizing contaminants of emerging concern in the Yangtze River Basin: An integrated assessment combining exposure–activity ratios and adverse outcome pathways,https://doi.org/10.1093/etojnl/vgag085,Environmental Toxicology and Chemistry,2026-03-28
620,Free Gd3+ concentration drives the accumulation of Gd and its subsequent toxicity to the green alga Chlamydomonas reinhardtii,https://doi.org/10.1093/etojnl/vgag107,Environmental Toxicology and Chemistry,2026-04-22
621,Estimating physicochemical properties and environmental behavior of non-polar organic compounds transported by methane ebullition in an oil sands reclamation site,https://doi.org/10.1093/etojnl/vgag022,Environmental Toxicology and Chemistry,2026-01-27
622,Derivation of a bioavailability-based environmental quality standard for copper in European freshwaters under the Water Framework Directive using an updated methodology,https://doi.org/10.1093/etojnl/vgag210,Environmental Toxicology and Chemistry,2026-08-03
623,Prior pesticide exposure reduces drought tolerance in Arctic and temperate springtails—Effects of sequential stressors,https://doi.org/10.1093/etojnl/vgag046,Environmental Toxicology and Chemistry,2026-02-23
624,Functional roles and plant-mediated bottom-up effects influence arthropod responses to habitat fragmentation,https://doi.org/10.1016/j.baae.2026.07.005,Basic and Applied Ecology,2026-07-08
625,Trait variation and functional trait space of typical arthropods along an elevational gradient in Italy,https://doi.org/10.1016/j.baae.2026.05.002,Basic and Applied Ecology,2026-05-21
626,"Measuring thermal performance and reproductive success of the dung beetle Onthophagus vacca (Linnaeus, 1767)",https://doi.org/10.1016/j.baae.2026.03.007,Basic and Applied Ecology,2026-03-18
627,Local landscape elements enhance flying insect biomass in a complex agricultural landscape,https://doi.org/10.1016/j.baae.2026.03.004,Basic and Applied Ecology,2026-03-14
628,Acclimation improves earthworm functions for saline-alkali soil restoration,https://doi.org/10.1016/j.baae.2026.04.001,Basic and Applied Ecology,2026-04-02
629,Short-term heat pulses as demographic bottlenecks for Amynthas earthworms: temperature–time mortality across life stages,https://doi.org/10.1016/j.baae.2026.06.003,Basic and Applied Ecology,2026-06-16
630,Climate change reduces pollination services and sunflower yields across Europe and Northern Africa,https://doi.org/10.1016/j.baae.2026.05.005,Basic and Applied Ecology,2026-05-25
631,"Colony losses of stingless bees in Latin America increase in agricultural areas, but decrease in forested areas",https://doi.org/10.1016/j.baae.2026.07.003,Basic and Applied Ecology,2026-07-07
632,Context-dependent effects of habitat type and grassland fragment size on bird diversity in European and African grassland-forestry mosaics,https://doi.org/10.1016/j.baae.2026.06.010,Basic and Applied Ecology,2026-07-01
633,Protected areas may fail in maintaining suitable ranges of threatened species: A habitat-association approach for Brazilian Savanna bird species,https://doi.org/10.1016/j.baae.2026.05.007,Basic and Applied Ecology,2026-05-28
634,Climate and urbanization as drivers of range expansion and abundance in thermophilic insects: the case of the butterfly Zizeeria knysna,https://doi.org/10.1016/j.baae.2026.04.008,Basic and Applied Ecology,2026-04-30
635,Effects of subtropical forest tree species richness on soil mite biodiversity and soil quality,https://doi.org/10.1016/j.baae.2026.05.001,Basic and Applied Ecology,2026-05-14
636,Integrating species distribution models (SDM) in spatially explicit GIS-tools to support nature-sensitive urban planning,https://doi.org/10.1016/j.baae.2026.01.005,Basic and Applied Ecology,2026-01-23
637,"Direct and indirect effects of local wild plant communities, landscape composition and landscape configuration on the abundance of wild pollinating insects in agricultural landscapes",https://doi.org/10.1016/j.baae.2026.151857,Basic and Applied Ecology,2026-09-01
638,Plant cover rather than species richness drives nematode community structure and function on extensive and semi-intensive roof greening,https://doi.org/10.1016/j.baae.2026.01.007,Basic and Applied Ecology,2026-01-28
639,"The Genetic Status of Fragmented Gemsbok (Oryx gazella) Populations in the Northern Cape, South Africa",https://doi.org/10.3957/056.056.0183,African Journal of Wildlife Research,2026-05-21
640,"Diet of Leopards Inhabiting an Agricultural Landscape in the Western Cape, South Africa",https://doi.org/10.3957/056.056.0133,African Journal of Wildlife Research,2026-04-28
641,Too Close for Comfort: The Effect of Wildlife Guides on Elephant Behaviour,https://doi.org/10.3957/056.056.0215,African Journal of Wildlife Research,2026-06-08
642,Estimating Greater Kudu Abundance Using Non-Invasive Genetic Sampling Methods – A Pilot Study,https://doi.org/10.3957/056.056.0234,African Journal of Wildlife Research,2026-06-08
643,A Liberian Mammal Survey and Record of a Cryptic Genet Species,https://doi.org/10.3957/056.056.0257,African Journal of Wildlife Research,2026-08-03
644,Cascading Effects of Elephants on Two South African Provincial Reserves,https://doi.org/10.3957/056.056.0125,African Journal of Wildlife Research,2026-04-28
645,Factors Influencing the Spatial Ecology of Cheetahs in Fenced Protected Areas,https://doi.org/10.3957/056.056.0023,African Journal of Wildlife Research,2026-02-13
646,Peeing off the neighbours: What makes a good policy?,https://doi.org/10.3957/056.056.0106,African Journal of Wildlife Research,2026-03-18
647,"More Pages, More Problems? Tracing the Rising Complexity of Conservation through Game Ranch Management",https://doi.org/10.3957/056.056.0074,African Journal of Wildlife Research,2026-03-11
648,Species Identification of Small Antelope from Dung Pellets,https://doi.org/10.3957/056.056.0062,African Journal of Wildlife Research,2026-03-11
649,Dr Michael ‘Gus’ Mills (1946–2026),https://doi.org/10.3957/056.056.0254,African Journal of Wildlife Research,2026-08-03
650,Advancing Unrestrained Disentanglement of Cape Fur Seals in a Working Harbour,https://doi.org/10.3957/056.056.0205,African Journal of Wildlife Research,2026-05-21
651,African Grass Owl Nest Site Use and Nest Survival in Fragmented Grassland Landscapes,https://doi.org/10.3957/056.056.0110,African Journal of Wildlife Research,2026-03-31
652,Transformation and Degradation of a Savanna Riverine Environment Driven by Multiple Agents Including Elephants,https://doi.org/10.3957/056.056.0149,African Journal of Wildlife Research,2026-05-08
653,"A Camera Trap Appraisal of Mammal Species Richness and Space-Use Predictors in a Small Reserve, KwaZulu-Natal, South Africa",https://doi.org/10.3957/056.056.0087,African Journal of Wildlife Research,2026-03-11
654,Sternal anatomy reflects feeding style in mysticete cetaceans,https://doi.org/10.1007/s10914-026-09816-4,Journal of Mammalian Evolution,2026-05-13
655,"The neglected Reinhardt’s glyptodontine from Lagoa Santa, Brazil: a reassessment of taxonomic status and description of a new species of Glyptotherium",https://doi.org/10.1007/s10914-026-09836-0,Journal of Mammalian Evolution,2026-08-15
656,Earliest eutherian ear region revisited: a new Prokennalestes petrosal from the Lower Cretaceous of Mongolia,https://doi.org/10.1007/s10914-025-09797-w,Journal of Mammalian Evolution,2026-02-23
657,"Growth and life history of a palaeomerycid: Inferences from the histological analysis of the long bones of Ampelomeryx ginsburgi (Ruminantia, Giraffomorpha) from Els Casots (Catalonia, Spain)",https://doi.org/10.1007/s10914-025-09789-w,Journal of Mammalian Evolution,2026-03-01
658,"New records of platyrrhine primates (Atelidae and Cebidae) from the Miocene of Western Amazonia, State of Acre, Brazil",https://doi.org/10.1007/s10914-026-09829-z,Journal of Mammalian Evolution,2026-07-28
659,"New remains of Stegodon zhaotongensis (Proboscidea, Stegodontidae) from the Late Miocene site of Shuitangba, Yunnan Province, China",https://doi.org/10.1007/s10914-026-09825-3,Journal of Mammalian Evolution,2026-06-29
660,"Morpho-functional analysis of the pelvis and hindlimb of Cyonasua (Carnivora, Procyonidae)",https://doi.org/10.1007/s10914-025-09786-z,Journal of Mammalian Evolution,2026-02-23
661,"Insectivores and rodents (Mammalia) from Ses Fontanelles (Eivissa, Pityusic Islands) and their implications for the Early Pliocene evolution of the endemic faunas in the Western Mediterranean islands",https://doi.org/10.1007/s10914-025-09792-1,Journal of Mammalian Evolution,2026-03-01
662,"New finds of Ancylotherium hennigi (Mammalia, Perissodactyla, Chalicotheriidae) from the Plio-Pleistocene of Laetoli, Tanzania",https://doi.org/10.1007/s10914-026-09834-2,Journal of Mammalian Evolution,2026-08-18
663,Comparative body size distributions of Pleistocene and Recent Canadian wolves (Canis lupus),https://doi.org/10.1007/s10914-026-09810-w,Journal of Mammalian Evolution,2026-03-01
664,"More than just appendages: systematic, paleobiogeographic and paleoenvironmental implications of the extinct Sicilian hippopotamus postcrania",https://doi.org/10.1007/s10914-026-09821-7,Journal of Mammalian Evolution,2026-05-20
665,Craniodental morphology and sexual dimorphism of the extinct dwarf Hippopotamus creutzburgi from the Pleistocene of Crete (Greece),https://doi.org/10.1007/s10914-026-09824-4,Journal of Mammalian Evolution,2026-06-11
666,"Craniodental morphology of Propotamochoerus palaeochoerus (Suidae: Suinae) from the late Miocene of els Hostalets de Pierola (Vallès-Penedès Basin, NE Iberian Peninsula): systematic and biochronological implications",https://doi.org/10.1007/s10914-026-09818-2,Journal of Mammalian Evolution,2026-05-27
667,"Paleohistology and life history of Procervulus and Eotragus (Ruminantia, Artiodactyla) from the Middle Miocene site of els Casots (NE Iberian Peninsula)",https://doi.org/10.1007/s10914-025-09799-8,Journal of Mammalian Evolution,2026-02-27
668,Enhanced elbow mobility in insular Meles populations: Insights from myological and osteological comparisons,https://doi.org/10.1007/s10914-025-09796-x,Journal of Mammalian Evolution,2026-05-02
669,"Phylogenomic evidence provides insights into the phylogeny and speciation patterns in the subgenus Caloscordum ( Allium , Amaryllidaceae)",https://doi.org/10.1111/cla.70035,Cladistics,2026-04-07
670,Phylogenetic and ecological duality in the otoliths of Sciaenidae,https://doi.org/10.1111/cla.70054,Cladistics,2026-07-08
671,Larval character evolution in Holometabola (Insecta),https://doi.org/10.1111/cla.70067,Cladistics,2026-09-23
672,Molecular phylogenetics reveals Eocene origin and out‐of‐Africa dispersals of the stalk‐eyed flies (Diptera: Schizophora: Diopsidae),https://doi.org/10.1111/cla.70026,Cladistics,2026-01-06
673,Areas of endemism of Malvales: Insights for conservation in the Atlantic Forest and Dry Diagonal,https://doi.org/10.1111/cla.70051,Cladistics,2026-07-06
674,"Unravelling the phylogeny of armadillos and their kin (Mammalia, Xenarthra, Cingulata) combining morphological, molecular, and stratigraphic data",https://doi.org/10.1111/cla.70048,Cladistics,2026-07-01
675,"Origin, evolution and transmission dynamics of Orthobunyavirus Oropoucheense",https://doi.org/10.1111/cla.70065,Cladistics,2026-08-21
676,Data from: Phylogenomics and the evolutionary history of the Oxyurida (pinworms),https://doi.org/10.5281/zenodo.20046049,Cladistics,2026-05-06
677,Phylogeny and evolutionary history of subfamily Microsoroideae (Polypodiaceae): new insights from plastome and nuclear gene data,https://doi.org/10.1111/cla.70024,Cladistics,2026-01-02
678,"Budding speciation, mitochondrial capture and introgression between surface and cave lineages in the Asellus aquaticus species complex",https://doi.org/10.1111/cla.70046,Cladistics,2026-06-07
679,Sequential evolution drives range expansion of Chinese caterpillar fungus across the Qinghai‐Tibet Plateau,https://doi.org/10.1111/cla.70064,Cladistics,2026-08-21
680,Reconstructing the global radiation of Turdidae (Aves: Passeriformes) using explicit geographic ranges under two different palaeogeographic scenarios,https://doi.org/10.1111/cla.70040,Cladistics,2026-05-05
681,Phylogenomics and the evolutionary history of the Oxyurida (pinworms),https://doi.org/10.1111/cla.70047,Cladistics,2026-06-15
682,Clues of ancient incomplete lineage sorting during bivalve evolution undermine support for Heterodonta,https://doi.org/10.1111/cla.70056,Cladistics,2026-07-18
683,Evolutionary framework and tribal circumscription of Amaranthaceae sensu stricto based on a comprehensive phylogenomic analysis,https://doi.org/10.1111/cla.70049,Cladistics,2026-07-07
684,Assessing Relative Effectiveness of Physical and Sensory Deterrents to Protect Juvenile Trees From Damage by Fallow Deer,https://doi.org/10.1111/aec.70191,Austral Ecology,2026-02-01
685,Influence of Habitat Characteristics on the Páramo Frog Community in A High Andean Biosphere Reserve,https://doi.org/10.1111/aec.70263,Austral Ecology,2026-07-01
686,Elevational Distribution Patterns in an Australian Subtropical Rainforest Lizard Fauna,https://doi.org/10.1111/aec.70275,Austral Ecology,2026-09-01
687,Ant‐Mimicking Crab Spiders May Exploit Social Ant Behaviour to Safely Prey on Them,https://doi.org/10.1111/aec.70177,Austral Ecology,2026-01-01
688,Exceptional Longevity in a Neotropical Shorebird: Two Decades of Resilience on a Patagonian Disturbed Beach,https://doi.org/10.1111/aec.70190,Austral Ecology,2026-02-01
689,Ecological Outcomes of Invasive Rice Grass ( Spartina anglica ) Removal for Restoring Native Saltmarsh Vegetation and Fish Habitat Function,https://doi.org/10.1111/aec.70166,Austral Ecology,2026-02-01
690,Passive Acoustic Monitoring of Tasmanian Masked Owls and Swift Parrots: An Effective Tool for Conservation Actions,https://doi.org/10.1111/aec.70209,Austral Ecology,2026-03-28
691,Occurrence Records of Brazilian Spirostreptida (Myriapoda: Diplopoda) in the Atlantic Forest Are Biased Towards Proximity to State Highways and Urban Areas,https://doi.org/10.1111/aec.70288,Austral Ecology,2026-09-01
692,Beyond Generalist Tolerance: Age‐Dependent Impacts of Habitat Fragmentation and Climate on a Widespread Lizard,https://doi.org/10.1111/aec.70171,Austral Ecology,2026-01-01
693,"Weathering the Dry: Behaviour of the Marsupial Glider Petaurus notatus in Inland New South Wales, Australia",https://doi.org/10.1111/aec.70231,Austral Ecology,2026-05-01
694,Wasp and Ant Nests: Who Really Protects Whom? New Insights From Amazonian Forests,https://doi.org/10.1111/aec.70226,Austral Ecology,2026-05-01
695,Soil Seed Bank Holds Some Potential for Natural Regeneration in a Semi‐Arid Rangeland,https://doi.org/10.1111/aec.70278,Austral Ecology,2026-08-01
696,Woody Plant Invasions Restructure Arthropod Prey Communities and Cascade to Insectivorous Birds in the Chaco Serrano Woodlands,https://doi.org/10.1111/aec.70280,Austral Ecology,2026-08-01
697,Assembly of Australia's Alpine Seed Plant Flora,https://doi.org/10.1111/aec.70219,Austral Ecology,2026-04-01
698,"Dasyurus hallucatus Movement Response to Fire in a Complex, Resource Rich Tropical Savanna",https://doi.org/10.1111/aec.70269,Austral Ecology,2026-07-01
699,Management strategy evaluation for salmon habitat restoration and hatchery supplementation,https://doi.org/10.1111/csp2.70309,Conservation Science and Practice,2026-05-13
700,Community‐derived solutions to increase citizen science participation,https://doi.org/10.1111/csp2.70205,Conservation Science and Practice,2026-01-22
701,Successes and opportunities for solutions‐oriented conservation research: Lessons learned from avian science,https://doi.org/10.1111/csp2.70376,Conservation Science and Practice,2026-08-11
702,Taking smart conservation risks: Moving species in a changing world,https://doi.org/10.1111/csp2.70408,Conservation Science and Practice,2026-09-09
703,Quantifying the impact of environmental education and outreach on citizen science reports of an endangered neotropical raptor,https://doi.org/10.1111/csp2.70283,Conservation Science and Practice,2026-05-14
704,Translocation of livestock‐raiding lions under specific conditions can mitigate conflict,https://doi.org/10.1111/csp2.70339,Conservation Science and Practice,2026-06-25
705,Global distribution of aquatic animal telemetry effort reveals geographic biases and opportunities for more inclusive tracking studies,https://doi.org/10.1111/csp2.70314,Conservation Science and Practice,2026-06-05
706,Large landscape conservation partnerships: A social network analysis of the Appalachian Trail landscape,https://doi.org/10.1111/csp2.70317,Conservation Science and Practice,2026-05-18
707,Relative detectability of Canadian plant species at risk in field surveys,https://doi.org/10.1111/csp2.70306,Conservation Science and Practice,2026-05-11
708,Campos de altitude from Brazil: Neglected biodiversity treasures under threat,https://doi.org/10.1111/csp2.70238,Conservation Science and Practice,2026-01-19
709,Conservation priorities for Neotropical water striders (Hemiptera: Heteroptera: Gerridae) under climate change,https://doi.org/10.1111/csp2.70319,Conservation Science and Practice,2026-06-07
710,Informing elephant management through demographic snapshots,https://doi.org/10.1111/csp2.70334,Conservation Science and Practice,2026-06-11
711,Roadless status under the Roadless Area Conservation Rule is not associated with increased wildfire in the US National Forest System,https://doi.org/10.1111/csp2.70411,Conservation Science and Practice,2026-09-08
712,Toward more inclusive governance and conservation in the urbanizing Amazon,https://doi.org/10.1111/csp2.70340,Conservation Science and Practice,2026-06-18
713,Steep declines of colonial wading birds in northeastern North America's largest breeding population,https://doi.org/10.1111/csp2.70316,Conservation Science and Practice,2026-06-03
714,ADHD and Student Grades in Children from the ABCD Study®: A Twin and Siblings Study,https://doi.org/10.1007/s10519-026-10274-0,Behavior Genetics,2026-07-01
715,Sociability is a Multidimensional Trait in Drosophila melanogaster,https://doi.org/10.1007/s10519-026-10261-5,Behavior Genetics,2026-03-01
716,No Argument with Biology? The Effects of Genetic Explanations for Socioeconomic Outcomes on American and Swedish Citizens’ Attitudes Towards Government Intervention,https://doi.org/10.1007/s10519-026-10258-0,Behavior Genetics,2026-03-10
717,Assessing Orthogonality in Gene-Environment Interaction Studies Using Polygenic Indices,https://doi.org/10.1007/s10519-025-10248-8,Behavior Genetics,2026-01-01
718,The Contributions of Multiple Polygenic Scores in Predicting Liability for Major Depressive Disorder and Its Comorbidity with Alcohol Use Disorder,https://doi.org/10.1007/s10519-026-10263-3,Behavior Genetics,2026-03-01
719,Co-twin Control Analyses Reveal Genetic Contributions to SES Influences in Mean Level and Longitudinal Change in Physical Aging,https://doi.org/10.1007/s10519-026-10256-2,Behavior Genetics,2026-02-18
720,Genetic and Environmental Associations Between Processing Speed and Executive Functions Across Adolescence and Established Adulthood,https://doi.org/10.1007/s10519-026-10271-3,Behavior Genetics,2026-06-01
721,Insights into the Cross-Population Transferability of Polygenic Scores for Substance Use,https://doi.org/10.1007/s10519-026-10265-1,Behavior Genetics,2026-04-29
722,"The Preprint Problem: Fringe, Genetically Informed Studies of Group Differences in Behavior Housed on Open Science Platforms",https://doi.org/10.1007/s10519-026-10260-6,Behavior Genetics,2026-05-15
723,Stability and Change in Wellbeing Throughout Adolescence and Its Relationship with Life Events: A Longitudinal Twin Study,https://doi.org/10.1007/s10519-026-10262-4,Behavior Genetics,2026-03-01
724,"Genetics of Educational Attainment and Childhood Problem Behavior: Direct Genetic Effects, Cognitive Pathways, and Sex Differences",https://doi.org/10.1007/s10519-026-10283-z,Behavior Genetics,2026-09-16
725,Growing Up with Parents Who Smoke: Genetic and Environmental Effects on Offspring Substance Use and Externalizing Psychopathology From a 20-Year Minnesota Study of Adoptive Families,https://doi.org/10.1007/s10519-026-10278-w,Behavior Genetics,2026-07-15
726,Durable Lessons on Intelligence from Twin and Adoption Research,https://doi.org/10.1007/s10519-026-10270-4,Behavior Genetics,2026-05-20
727,Honoring Matt McGue with a Novel Idiographic Behavior Genetics Design,https://doi.org/10.1007/s10519-026-10268-y,Behavior Genetics,2026-05-04
728,From Genomes to Conversations: Outreach and Engagement in Psychiatric Genetics,https://doi.org/10.1007/s10519-025-10246-w,Behavior Genetics,2026-02-05
729,Pixel Patchwork: Monitoring Temperate Grassland Restoration Success With Sentinel‐2 Phenology Metrics in Urban Australia,https://doi.org/10.1111/avsc.70054,Applied Vegetation Science,2026-01-01
730,Prescribed Burns Homogenize Traits but Not Species Across Suburban Forest Understories Over 30 Years,https://doi.org/10.1111/avsc.70063,Applied Vegetation Science,2026-01-01
731,Vegapp: A Mobile Application for Vegetation Field Data Collection,https://doi.org/10.1111/avsc.70089,Applied Vegetation Science,2026-07-01
732,From Lawns to Wastelands: Moss Diversity Patterns Across Urban Grasslands,https://doi.org/10.1111/avsc.70086,Applied Vegetation Science,2026-07-01
733,Restoration Method Influences Spatial Patterns of Tree Seedling and Sapling Recruitment in the Second Decade of Tropical Forest Recovery,https://doi.org/10.1111/avsc.70058,Applied Vegetation Science,2026-01-01
734,Vegetation Responses to Experimental Prescribed Burning and Cutting of Heather on Blanket Peat Sites Managed as Grouse Moors in Northern England,https://doi.org/10.1111/avsc.70066,Applied Vegetation Science,2026-01-01
735,Untangling the Overlapping Effects of Grazing Intensity and Stocking Method on Plant Diversity in Dairy Pastures,https://doi.org/10.1111/avsc.70076,Applied Vegetation Science,2026-04-01
736,Impact of Trail Proximity and Substrate on the Taxonomic and Functional Diversity of Bryophyte in a Valdivian Temperate Rainforest,https://doi.org/10.1111/avsc.70075,Applied Vegetation Science,2026-04-01
737,The Restoration Debt Remains: Topsoil Removal and Different Mowing Regimes Reach Desired States of Calcareous Grassland but Do Not Match the Reference,https://doi.org/10.1111/avsc.70067,Applied Vegetation Science,2026-01-01
738,"Seed Traps Differ in Species Numbers, Seed Densities and Contamination but Mostly Do Not Reflect Grazing in a Pampa Grassland",https://doi.org/10.1111/avsc.70071,Applied Vegetation Science,2026-04-01
739,Experimental Assessment of Natural Enemy Impacts on Palm Regeneration at Forest Edge Versus Interior,https://doi.org/10.1111/avsc.70080,Applied Vegetation Science,2026-04-01
740,Forest Responses to Fire Regime in the Humid Chaco of Paraguay,https://doi.org/10.1111/avsc.70084,Applied Vegetation Science,2026-07-01
741,Disturbance Intensity and Recovery Time Steer Vegetation Shifts in Subtropical Wetlands,https://doi.org/10.1111/avsc.70074,Applied Vegetation Science,2026-04-01
742,Identification of Vegetation Communities Using Segmentation of Aerial Images,https://doi.org/10.1111/avsc.70070,Applied Vegetation Science,2026-04-01
743,Developing Vegetation Tools for Assessing the Ecological Condition of Wetlands in Western Patagonia,https://doi.org/10.1111/avsc.70064,Applied Vegetation Science,2026-01-01
744,From Wicked Problem to Innovative Solutions: Addressing the Economic Burden of Aging OSS in the Puget Sound Region,https://doi.org/10.1080/08920753.2026.2682006,Coastal Management,2026-06-08
745,Cultural Benefits Knowledge and Social Learning in Elwha River Dam Removal and Ecosystem Decision-Making,https://doi.org/10.1080/08920753.2026.2682008,Coastal Management,2026-06-19
746,"Greening the Maritime Sector Through Autonomous Shipping: Rethinking Safety, Liability, and Regulatory Frameworks",https://doi.org/10.1080/08920753.2026.2647527,Coastal Management,2026-03-04
747,Comprehensive Legal Protection for Surf Breaks and Surf Ecosystems: A Synthesis of International Lessons Learned,https://doi.org/10.1080/08920753.2026.2713827,Coastal Management,2026-08-07
748,Hope’s Role in Responding to U.S. Climate and Environmental Policy,https://doi.org/10.1080/08920753.2026.2656060,Coastal Management,2026-04-27
749,"Vulnerability in Coastal Territory: An Integrated Analysis of Erosion in Tourist Beach, Case Study San Lorenzo, Santa Elena, Ecuador",https://doi.org/10.1080/08920753.2026.2623352,Coastal Management,2026-01-02
750,An Evaluation of the Advisory System for North Carolina Marine Fisheries Regulators,https://doi.org/10.1080/08920753.2026.2668885,Coastal Management,2026-05-08
751,Impacts of Diverse Stakeholder Participation on Fisheries Management,https://doi.org/10.1080/08920753.2026.2623355,Coastal Management,2026-01-02
752,Boater Compliance with Speed Regulations in High-Risk Areas for Marine Turtle Watercraft Strikes,https://doi.org/10.1080/08920753.2026.2668881,Coastal Management,2026-05-13
753,Adapting to Keep Food on Your Plate: COVID-19 as a Lens for Crisis Management in the Seafood Industry,https://doi.org/10.1080/08920753.2026.2713824,Coastal Management,2026-08-05
754,Recent Trend of Seafood Consumption in South Korea: Generational Insights and Strategies for Revitalization,https://doi.org/10.1080/08920753.2026.2656065,Coastal Management,2026-04-19
755,Regulatory Perspective on Green Port Development in Vietnam,https://doi.org/10.1080/08920753.2026.2647520,Coastal Management,2026-03-04
756,Policy and Legal Framework for Shipping Decarbonization: Vietnam as A Case Study,https://doi.org/10.1080/08920753.2026.2647525,Coastal Management,2026-03-04
757,Sea Cucumber Fishing Areas and Fishing Management in Indonesia,https://doi.org/10.1080/08920753.2026.2656068,Coastal Management,2026-04-19
758,Decoding Decisions About Decisions: Enhancing Process Literacy to Support Environmental Democracy and Increase Justice in Marine and Coastal Regulation,https://doi.org/10.1080/08920753.2026.2713825,Coastal Management,2026-08-11
759,Stand development over 30 years after partial-cut harvesting in a northern interior temperate rainforest: capturing stand and individual tree dynamics through empirical studies and modelling,https://doi.org/10.1139/cjfr-2025-0349,Canadian Journal of Forest Research,2026-01-01
760,Trait-based and non-additive controls of leaf litter flammability in subtropical plantations and managed forests,https://doi.org/10.1139/cjfr-2026-0046,Canadian Journal of Forest Research,2026-01-01
761,Effect of the shrub Dasiphora fruticosa on regeneration of Picea crassifolia from seeds in the Qilian Mountains of China,https://doi.org/10.1139/cjfr-2026-0111,Canadian Journal of Forest Research,2026-01-01
762,"Spatial distance and density effects on the regeneration patterns of coniferous forest in the Arid Mountains, Northwest China",https://doi.org/10.1139/cjfr-2025-0168,Canadian Journal of Forest Research,2026-01-01
763,Fast and reliable: evaluating smartphone LiDAR app for stem diameter measurement and tree mapping,https://doi.org/10.1139/cjfr-2026-0054,Canadian Journal of Forest Research,2026-01-01
764,"Agroforestry systems of harar, aonla, and soapnut: enhancing microbial activity and crop productivity in the sub-tropical region of Himachal Pradesh",https://doi.org/10.1139/cjfr-2025-0337,Canadian Journal of Forest Research,2026-01-01
765,The financial advantage of hardwood precision silviculture,https://doi.org/10.1139/cjfr-2026-0035,Canadian Journal of Forest Research,2026-01-01
766,Deer exclusion and invasive plant control enhance native plants but fail to restore diversity in a peri-urban forest,https://doi.org/10.1139/cjfr-2026-0020,Canadian Journal of Forest Research,2026-01-01
767,Can forest management inventory support national forest inventory to improve the municipal-level estimation of timber volume?,https://doi.org/10.1139/cjfr-2025-0319,Canadian Journal of Forest Research,2026-01-01
768,Constitutive foliar metabolite variation in conifers shapes their susceptibility to the invasive herbivore Lymantria dispar asiatica,https://doi.org/10.1139/cjfr-2025-0348,Canadian Journal of Forest Research,2026-01-01
769,Shifting wildfire spread dynamics in Canada: declining spread rates but increasing spread days under more severe fire weather from 2002 to 2024,https://doi.org/10.1139/cjfr-2026-0100,Canadian Journal of Forest Research,2026-01-01
770,Assessing the effects of seismic line disturbance on boreal peatland water balance using CoupModel,https://doi.org/10.1139/cjfr-2025-0264,Canadian Journal of Forest Research,2026-01-01
771,Age-related trends in the growth performance of seedlings and cuttings of Chamaecyparis obtusa,https://doi.org/10.1139/cjfr-2025-0127,Canadian Journal of Forest Research,2026-01-01
772,Canopy disturbance and growth dynamics of Carolina hemlock forests infested with hemlock woolly adelgid,https://doi.org/10.1139/cjfr-2026-0018,Canadian Journal of Forest Research,2026-01-01
773,Hemlock seedling survival and growth across silvicultural light gradients: implications for forest restoration,https://doi.org/10.1139/cjfr-2025-0291,Canadian Journal of Forest Research,2026-01-01
774,"Causal attribution by the chain rule: unifying natural selection, learning, economics, and other disciplines",https://doi.org/10.1093/evlett/qrag018,Evolution Letters,2026-04-10
775,Realization of ongoing evolutionary adaptation in the field,https://doi.org/10.1093/evlett/qrag013,Evolution Letters,2026-03-25
776,Evolution under the city’s shadow: reproductive divergence of urban and rural great tits revealed by a common garden experiment,https://doi.org/10.1093/evlett/qrag030,Evolution Letters,2026-07-07
777,Repeated evolution of convergent iridescence in closely related species of Morpho butterflies living in sympatry,https://doi.org/10.1093/evlett/qrag028,Evolution Letters,2026-07-10
778,Characterizing and mitigating confounding by unreplicated evolutionary events in phylogenetic regression,https://doi.org/10.1093/evlett/qrag032,Evolution Letters,2026-07-11
779,Asynchrony of ageing among traits in a wild bird population,https://doi.org/10.1093/evlett/qrag029,Evolution Letters,2026-07-21
780,Phylograms better fit neutrally evolving traits than chronograms,https://doi.org/10.1093/evlett/qrag015,Evolution Letters,2026-03-30
781,"Sexual antagonism, mating systems, and recombination suppression on sex chromosomes",https://doi.org/10.1093/evlett/qrag021,Evolution Letters,2026-05-01
782,"Bombus terrestris complementary sex determiner (BtCSD) is a conserved hymenopteran sex determination region: evolution, breeding, and conservation implications",https://doi.org/10.1093/evlett/qrag034,Evolution Letters,2026-08-04
783,Not just mutations: inbreeding depression persists without genetic variation,https://doi.org/10.1093/evlett/qrag008,Evolution Letters,2026-03-28
784,The legacy of past climate warming: strong local adaptation in rear-edge populations,https://doi.org/10.1093/evlett/qrag020,Evolution Letters,2026-04-24
785,Temporal partner heterogeneity constrains the evolution of mutualistic benefits,https://doi.org/10.1093/evlett/qrag036,Evolution Letters,2026-09-04
786,A standardised framework for classifying estimates of reproductive isolation,https://doi.org/10.1093/evlett/qrag023,Evolution Letters,2026-06-01
787,"Coevolution of species’ range borders: Interactions between interspecific competition, gene flow, and matching habitat choice",https://doi.org/10.1093/evlett/qrag022,Evolution Letters,2026-05-06
788,Additive effects of environmental and demographic variation shape the repeatability of evolution across replicated experiments,https://doi.org/10.1093/evlett/qrag017,Evolution Letters,2026-05-21
789,Degradation of water quality in a supply-driven water distribution system in Nigeria,https://doi.org/10.1080/24705357.2026.2626069,Journal of Ecohydraulics,2026-02-03
790,Study of the turbulent flow inside vertical double-slot fishway for different slopes and discharges,https://doi.org/10.1080/24705357.2026.2708363,Journal of Ecohydraulics,2026-07-29
791,Assessing jumping ability in three endemic leuciscid (Cypriniformes) fish species,https://doi.org/10.1080/24705357.2026.2733051,Journal of Ecohydraulics,2026-09-22
792,Swimming speed of zebrafish in jet-stirred turbulence,https://doi.org/10.1080/24705357.2026.2647193,Journal of Ecohydraulics,2026-03-30
793,Fishway attraction flow: providing evenly distributed auxiliary discharge using static mixers,https://doi.org/10.1080/24705357.2026.2703048,Journal of Ecohydraulics,2026-09-04
794,A cascading vortex pipe fishway for safe downstream fish passage,https://doi.org/10.1080/24705357.2026.2708356,Journal of Ecohydraulics,2026-07-29
795,"Charting the evolution of ecohydraulics: a community perspective on skills, technology, training needs and challenges",https://doi.org/10.1080/24705357.2026.2718924,Journal of Ecohydraulics,2026-09-06
796,Hearing in flow: hydrodynamic environment influences fish response to sound and implications for conservation,https://doi.org/10.1080/24705357.2026.2724870,Journal of Ecohydraulics,2026-09-09
797,Dissolved-oxygen gradients and fish passage in large-river tailraces: a KITS framework,https://doi.org/10.1080/24705357.2026.2696559,Journal of Ecohydraulics,2026-07-09
798,Drivers of aquatic macroinvertebrate communities across European cities,https://doi.org/10.1080/24705357.2026.2626072,Journal of Ecohydraulics,2026-02-11
799,Novel ‘dancing rods’ behavioural guidance for out-migrating Atlantic salmon smolts,https://doi.org/10.1080/24705357.2026.2708353,Journal of Ecohydraulics,2026-08-16
800,Permeability controls on hyporheic flow transitions in salmon redds: from pressure to advection-driven dynamics,https://doi.org/10.1080/24705357.2026.2639410,Journal of Ecohydraulics,2026-03-04
801,Using 3D printed replicates to assess subadult freshwater mussel mobilization thresholds in a flume,https://doi.org/10.1080/24705357.2026.2629865,Journal of Ecohydraulics,2026-02-16
802,How parameter weighting influences hydraulic unit mapping and fluvial mesohabitat assessment in Rivers,https://doi.org/10.1080/24705357.2026.2671304,Journal of Ecohydraulics,2026-06-15
803,Secondary current and vorticity regime of sand-mined sinuous channels,https://doi.org/10.1080/24705357.2026.2636282,Journal of Ecohydraulics,2026-02-28
804,"Invasive grass influences on the fire cycle and treatment effectiveness to control their abundance in the Intermountain West, USA",https://doi.org/10.1017/inp.2025.10037,Invasive Plant Science and Management,2026-01-01
805,Monoecious hydrilla ( Hydrilla verticillata ) response to intermittent herbicide exposures,https://doi.org/10.1017/inp.2026.10040,Invasive Plant Science and Management,2026-01-01
806,Spread of wingleaf primrose-willow ( Ludwigia decurrens ) in Northern California,https://doi.org/10.1017/inp.2026.10051,Invasive Plant Science and Management,2026-01-01
807,Comparative herbicide response of three US Hydrilla verticillata biotypes,https://doi.org/10.1017/inp.2026.10056,Invasive Plant Science and Management,2026-08-11
808,Established populations of the Neotropical Zornia latifolia (Fabaceae) in Florida,https://doi.org/10.1017/inp.2026.10042,Invasive Plant Science and Management,2026-01-01
809,"Ornamental plant producers’ perceptions of invasive plants: non-native taxa highlighted in Yalova Province, Türkiye",https://doi.org/10.1017/inp.2026.10048,Invasive Plant Science and Management,2026-01-01
810,Managing invasive Amur honeysuckle ( Lonicera maackii ) in central Kentucky: can native species release and restoration plantings hold their ground?,https://doi.org/10.1017/inp.2026.10045,Invasive Plant Science and Management,2026-01-01
811,"Effects of herbicide type, herbicide concentration, and date of application on control of lesser celandine ( Ranunculus ficaria ) and on response of native species",https://doi.org/10.1017/inp.2026.10049,Invasive Plant Science and Management,2026-01-01
812,Bibliometric analysis of progress and challenges of bracken fern ( Pteridium aquilinum ) mapping with remote sensing,https://doi.org/10.1017/inp.2026.10046,Invasive Plant Science and Management,2026-01-01
813,"Complementary approaches to identify, characterize, and prioritize invasive plants in a biodiversity hotspot",https://doi.org/10.1017/inp.2026.10055,Invasive Plant Science and Management,2026-01-01
814,"Pastoralists’ perceptions of the ecological and socio-economic impacts of Neltuma juliflora (Sw.) Raf. (Fabaceae) in Lower Omo Valley, South Ethiopia - RETRACTED",https://doi.org/10.1017/inp.2026.10047,Invasive Plant Science and Management,2026-03-26
815,Comparative Growth and Competition of a Native and Invasive C 4 Grass ( Schizachyrium scoparium and Botriochloa ischaemum ),https://doi.org/10.1017/inp.2026.10054,Invasive Plant Science and Management,2026-08-07
816,Alien plant invasion reduces the reproductive success of a critically endangered endemic tree species,https://doi.org/10.1017/inp.2026.10039,Invasive Plant Science and Management,2026-01-01
817,Expansion of hydrilla ( Hydrilla verticillata ) within the Monongahela River system and associated invasive submerged aquatic vegetation,https://doi.org/10.1017/inp.2026.10044,Invasive Plant Science and Management,2026-01-01
818,The combination of aminopyralid and metsulfuron is an effective post-seeding strategy to restore native grassland in Canadian Aspen Parkland,https://doi.org/10.1017/inp.2026.10043,Invasive Plant Science and Management,2026-01-01
819,Sexual signal divergence and reproductive isolation in an adaptive radiation of a Hawaiian spider,https://doi.org/10.1093/evolinnean/kzag010,Evolutionary Journal of the Linnean Society,2026-01-01
820,The role of abiotic factors and competitive exclusion in the assembly patterns of two insular gecko radiations displaying ecomorphological convergence,https://doi.org/10.1093/evolinnean/kzag019,Evolutionary Journal of the Linnean Society,2026-01-01
821,"Fission, fusion, and the generation of novelty in Geospiza species on Daphne Major Island, Galápagos",https://doi.org/10.1093/evolinnean/kzag020,Evolutionary Journal of the Linnean Society,2026-01-01
822,Integrating functional and trait-based models to explain seed size variation on islands in the New Zealand region,https://doi.org/10.1093/evolinnean/kzag007,Evolutionary Journal of the Linnean Society,2026-01-01
823,"Patterns and processes shaping phylogenetic history of an endemic Hawaiian bird radiation, ʻelepaio (Aves: Chasiempis )",https://doi.org/10.1093/evolinnean/kzag012,Evolutionary Journal of the Linnean Society,2026-01-01
824,Uncovering lineage-specific evolutionary innovations in Actinopterygii by deciphering synteny profiles in over a hundred genomes,https://doi.org/10.1093/evolinnean/kzag022,Evolutionary Journal of the Linnean Society,2026-01-01
825,Interactions between intrinsic and extrinsic factors shape island bat survival and extirpation in a global extinction hotspot,https://doi.org/10.1093/evolinnean/kzag014,Evolutionary Journal of the Linnean Society,2026-01-01
826,Parallel evolution of island syndromes coincides with limited parallel genetic differentiation in a passerine bird,https://doi.org/10.1093/evolinnean/kzag008,Evolutionary Journal of the Linnean Society,2026-01-01
827,Orogeny of Ethiopian sky islands and Pliocene climate shifts promoted budding speciation and complex admixture in flightless Calosoma ground beetles,https://doi.org/10.1093/evolinnean/kzag016,Evolutionary Journal of the Linnean Society,2026-01-01
828,"Data and Code for ""Enhanced dominance by cheilostomes relative to cyclostomes in low-latitude bryozoan assemblages through 100 million years""",https://doi.org/10.5281/zenodo.20609119,Evolutionary Journal of the Linnean Society,2026-06-10
829,Mito-nuclear discordance in a genus of darkling beetles (Coleoptera: Tenebrionidae: Dailognatha ) reveals both incomplete lineage sorting and introgression driven by complex island paleogeography,https://doi.org/10.1093/evolinnean/kzag026,Evolutionary Journal of the Linnean Society,2026-09-25
830,The identity crisis of speciation genomics,https://doi.org/10.1093/evolinnean/kzag011,Evolutionary Journal of the Linnean Society,2026-01-01
831,Asymmetric reproductive isolation in sympatric Arctic charr morphs revealed by a comprehensive examination of reproductive barriers,https://doi.org/10.1093/evolinnean/kzag005,Evolutionary Journal of the Linnean Society,2026-01-01
832,Multigenerational copper sulphate exposure alters the allometric scaling of the condition-dependent eyespan trait in the stalk-eyed fly Teleopsis dalmanni,https://doi.org/10.1093/evolinnean/kzag021,Evolutionary Journal of the Linnean Society,2026-01-01
833,Evolutionary innovation of durophagous pharyngeal jaws in suckermouth catfishes,https://doi.org/10.1093/evolinnean/kzag009,Evolutionary Journal of the Linnean Society,2026-01-01
834,"Selective yet opportunistic assemblies of symbionts in a lichen community, Cladia asiatica , in Taiwan",https://doi.org/10.1093/biolinnean/blag019,Biological Journal of the Linnean Society,2026-04-01
835,"Fluctuating asymmetry as a biomarker of stress in Tropidurus oreadicus Rodrigues, 1987 (Squamata: Tropiduridae) populations",https://doi.org/10.1093/biolinnean/blag034,Biological Journal of the Linnean Society,2026-05-08
836,"Colour polymorphism, ontogeny, and mating behaviour in Andean Ischnuran damselflies: evidence from a potential contact zone",https://doi.org/10.1093/biolinnean/blag061,Biological Journal of the Linnean Society,2026-07-01
837,Divergent foraging strategies facilitate the coexistence of sympatric red fox ( Vulpes vulpes ) and Tibetan fox ( V. ferrilata ) on the northeastern Qinghai-Tibet Plateau,https://doi.org/10.1093/biolinnean/blag060,Biological Journal of the Linnean Society,2026-06-30
838,Climate and habitat influence nest predation by snakes on cavity-nesting birds,https://doi.org/10.1093/biolinnean/blag056,Biological Journal of the Linnean Society,2026-07-01
839,Compensatory growth acceleration enhances survival of early-hatched salamanders,https://doi.org/10.1093/biolinnean/blag035,Biological Journal of the Linnean Society,2026-06-01
840,Adaptive resilience from genes to ecosystems: integrating evolutionary and ecological dynamics,https://doi.org/10.1093/biolinnean/blag049,Biological Journal of the Linnean Society,2026-05-30
841,Natural history collections as a research field: a conceptual review of its consolidation in the information age (2000–2025),https://doi.org/10.1093/biolinnean/blag031,Biological Journal of the Linnean Society,2026-04-21
842,Trait filtering amidst high diversity of water-use strategies in Bromeliaceae: a contrast between coastal and inland inselbergs in the Atlantic Forest,https://doi.org/10.1093/biolinnean/blag024,Biological Journal of the Linnean Society,2026-03-25
843,The freshwater mussel fauna of Manipur (North-East India) represents a tectonically derived mixture of endemic species and (sub)recent immigrants from adjacent basins,https://doi.org/10.1093/biolinnean/blag041,Biological Journal of the Linnean Society,2026-05-16
844,From forests to savannas: evidence of mandibular shape adaptation in Capuchin monkeys,https://doi.org/10.1093/biolinnean/blag006,Biological Journal of the Linnean Society,2026-03-01
845,Multiproxy analysis of the extinct moa genus Euryapteryx reveals new phylogenetic structure and disparity with morphometrics,https://doi.org/10.1093/biolinnean/blag018,Biological Journal of the Linnean Society,2026-02-19
846,Periodic mitochondrial DNA divergence in mammals shaped by Middle Pleistocene climate cycles,https://doi.org/10.1093/biolinnean/blag022,Biological Journal of the Linnean Society,2026-03-22
847,Cockroach species from alpine and forest habitats are not monophyletic within the Celatoblatta radiation of Aotearoa New Zealand,https://doi.org/10.1093/biolinnean/blag059,Biological Journal of the Linnean Society,2026-07-01
848,Wing shape variation and biomechanical performance of dung beetles (Scarabaeidae) from different biogeographic affinities along a mountain of the Mexican Transition Zone,https://doi.org/10.1093/biolinnean/blag025,Biological Journal of the Linnean Society,2026-04-08
849,"Floods and dissolved oxygen drive autotrophic community structure in Suwannee River (Florida, USA) springs",https://doi.org/10.1086/741238,Freshwater Science,2026-03-05
850,Net ecosystem productivity as a leading indicator of macrophyte-dominated biomass in irrigation canals,https://doi.org/10.1086/743969,Freshwater Science,2026-09-14
851,Predictors of zoobenthos communities in a large shallow lake vary depending on temporal scale,https://doi.org/10.1086/742051,Freshwater Science,2026-04-28
852,Advancing freshwater science with emerging methods & measurement technologies,https://doi.org/10.1086/744057,Freshwater Science,2026-09-15
853,Comparative vulnerability of riverine benthic and aquifer stoneflies as the climate warms,https://doi.org/10.1086/742841,Freshwater Science,2026-06-24
854,Predicting reach-scale macroinvertebrate community changes due to declining flows in an aridland river,https://doi.org/10.1086/742741,Freshwater Science,2026-06-16
855,Hydrochemical effects of degrading freshwater mussel shells,https://doi.org/10.1086/741343,Freshwater Science,2026-03-13
856,Insects in salty streams: Biomass maintained by different taxa across a mining-induced disturbance gradient,https://doi.org/10.1086/742740,Freshwater Science,2026-06-16
857,"Effects of ungulate grazing, burning, and cropland on stream water chemistry in tallgrass prairie watersheds",https://doi.org/10.1086/743960,Freshwater Science,2026-09-14
858,"Effects of mayfly metamorphosis on foodweb tracers: Stable isotopes, body composition, and fatty acids",https://doi.org/10.1086/741106,Freshwater Science,2026-02-27
859,Environmental filtering outweighs resource stoichiometry in macroinvertebrate community stoichiometry across North America.,https://doi.org/10.1086/743968,Freshwater Science,2026-09-15
860,"Food web transfer and associated human exposure to methylmercury in Flathead Lake, Montana",https://doi.org/10.1086/743966,Freshwater Science,2026-09-14
861,"Assessing the influence of underlying bedrock geology on pH in headwater streams of Pennsylvania, USA",https://doi.org/10.1086/743799,Freshwater Science,2026-08-25
862,"Leaf species, mixtures, and microbial preconditioning shape fine particulate organic matter production by shredding invertebrates",https://doi.org/10.1086/741290,Freshwater Science,2026-03-10
863,"Collaborative platforms: the role of a shared method, an environmental challenge, and experimental infrastructure in shaping research trajectories",https://doi.org/10.1086/744056,Freshwater Science,2026-09-15
864,‘The mountain has a story to tell’: transhumant production systems in the US Intermountain West,https://doi.org/10.2989/10220119.2025.2577941,African Journal of Range and Forage Science,2026-01-02
865,"Influence of cutting frequency on forage productivity, quality and root growth of vetiver ( Chrysopogon zizanioides (L.) Roberty)",https://doi.org/10.2989/10220119.2025.2503736,African Journal of Range and Forage Science,2026-07-03
866,Sustainable intensification in rangelands of the southernmost region of Chile,https://doi.org/10.2989/10220119.2025.2603412,African Journal of Range and Forage Science,2026-01-02
867,Shrub-layer dominance by Leucosidea sericea (Rosaceae) in eastern Zimbabwe: evidence of native woody encroachment in Nyanga National Park,https://doi.org/10.2989/10220119.2026.2658574,African Journal of Range and Forage Science,2026-06-15
868,The vegetation communities of the Save Valley Conservancy in southeastern Zimbabwe,https://doi.org/10.2989/10220119.2026.2655213,African Journal of Range and Forage Science,2026-06-15
869,"Carbon fluxes over passively restored Great Fish Thicket, South Africa, reveal modest sequestration during drier rainfall years",https://doi.org/10.2989/10220119.2026.2655194,African Journal of Range and Forage Science,2026-04-03
870,"Tropical forage grasses intercropped with sorghum in a semi-arid region: establishment, silage quality and economic viability",https://doi.org/10.2989/10220119.2025.2592809,African Journal of Range and Forage Science,2026-03-13
871,The Ecology of Soil: From Communities to Ecosystems,https://doi.org/10.2989/10220119.2026.2709367,African Journal of Range and Forage Science,2026-08-15
872,Grazing management in a diverse and dynamic world,https://doi.org/10.2989/10220119.2026.2629490,African Journal of Range and Forage Science,2026-01-02
873,Transhumance within private land conservation areas: perspectives from pastoralist landowners in rural Kenya,https://doi.org/10.2989/10220119.2025.2609087,African Journal of Range and Forage Science,2026-01-02
874,A Pocket Guide to Scientific Writing and Publishing,https://doi.org/10.2989/10220119.2026.2649136,African Journal of Range and Forage Science,2026-05-29
875,"Farmer-reported restoration practices and vegetation recovery in degraded Karoo rangelands, South Africa",https://doi.org/10.2989/10220119.2026.2659324,African Journal of Range and Forage Science,2026-06-02
876,Canopy height from drone photogrammetry better predicts aboveground biomass than vegetation greenness indices in a semi-arid savanna,https://doi.org/10.2989/10220119.2026.2688781,African Journal of Range and Forage Science,2026-08-06
877,Measuring adaptive decision making in livestock grazing systems,https://doi.org/10.2989/10220119.2025.2587734,African Journal of Range and Forage Science,2026-01-02
878,Assessing nutritional quality of trees and shrubs for livestock: What should be measured?,https://doi.org/10.2989/10220119.2025.2591919,African Journal of Range and Forage Science,2026-03-12
879,"Out of the shadows: rediscovery of the EU-protected beetle Stephanopachys linearis (Kugelann, 1792) in Italy and conservation implications (Coleoptera: Bostrichidae)",https://doi.org/10.21426/b6.66490,Biogeographia – The Journal of Integrative Biogeography,2026-07-31
880,Contradictions between current theory and historical evidence in the population dynamics and biogeography of the Ortolan bunting Emberiza hortulana,https://doi.org/10.21426/b6.62131,Biogeographia – The Journal of Integrative Biogeography,2026-08-19
881,"Genetic affiliation and origin of the European Cat Snake, Telescopus fallax (Fleischmann, 1831), in the Maltese archipelago",https://doi.org/10.21426/b6.63952,Biogeographia – The Journal of Integrative Biogeography,2026-04-01
882,The new Checklist of the Italian Fauna: Hydrozoa (Cnidaria),https://doi.org/10.21426/b6.62289,Biogeographia – The Journal of Integrative Biogeography,2026-03-11
883,"The invasion of Solenopsis invicta in Italy: wider distribution, penetration into natural habitats, and the surrounding ant fauna",https://doi.org/10.21426/b6.68753,Biogeographia – The Journal of Integrative Biogeography,2026-09-14
884,Habitat connectivity analysis of the endangered Sardinian grass snake reveals priority areas for conservation,https://doi.org/10.21426/b6.61984,Biogeographia – The Journal of Integrative Biogeography,2026-03-24
885,"Seasonal variations of aquatic hyphomycete communities in a temperate, a Mediterranean and a tropical stream",https://doi.org/10.21426/b6.53987,Biogeographia – The Journal of Integrative Biogeography,2026-01-30
886,"On the distribution of the rare Andean snakes, Saphenophis tristriatus (Rendahl & Vestergreen, 1940), and Saphenophis sneiderni Myers, 1973, with an analysis on the snake endemism in the Cauca River basin, Colombia",https://doi.org/10.21426/b6.61410,Biogeographia – The Journal of Integrative Biogeography,2026-02-26
887,Living on the edge: range limits of four short-winged endemic Orthoptera in the Northwestern Alps (Aosta Valley),https://doi.org/10.21426/b6.63932,Biogeographia – The Journal of Integrative Biogeography,2026-06-10
888,"Genetic confirmation of the Indotyphlops braminus complex (Serpentes: Typhlopidae) in Afghanistan, with a global “out-of-India” perspective on its introductions",https://doi.org/10.21426/b6.50695,Biogeographia – The Journal of Integrative Biogeography,2026-01-27
889,"Potential distribution of Akymnopellis chilensis (Gervais, 1847) (Scolopendridae, Scolopendromorpha, Chilopoda) through Random Forest and MaxEnt in Chilean Ecosystems",https://doi.org/10.21426/b6.48968,Biogeographia – The Journal of Integrative Biogeography,2026-02-01
890,"Mimicry of Crematogaster ionia by “dark morph” chameleon ants: First Lebanese record of Colobopsis imitans (Hymenoptera, Formicidae)",https://doi.org/10.21426/b6.64650,Biogeographia – The Journal of Integrative Biogeography,2026-06-11
891,"First record of the brine shrimp Artemia Leach, 1819 (Branchiopoda, Anostraca) in Armenia, with a synopsis of the anostracan fauna of the country",https://doi.org/10.21426/b6.63026,Biogeographia – The Journal of Integrative Biogeography,2026-04-01
892,Examining ecological niche for six species of whip spider in Colombia,https://doi.org/10.21426/b6.61687,Biogeographia – The Journal of Integrative Biogeography,2026-06-10
893,Updated checklist of the Canary Islands non-native ants with one name added and two recovered (Hymenoptera: Formicidae),https://doi.org/10.21426/b6.65836,Biogeographia – The Journal of Integrative Biogeography,2026-07-14
894,Summer primary productivity across a trophic gradient in Lake Erie and the implications of shifting nutrient drivers on the base of the foodweb,https://doi.org/10.65087/aehm.028.03.7,Aquatic Ecosystem Health & Management,2026-04-08
895,Spatial distribution and community dynamics of gastropods in an anthropogenically impacted tributary of Ganga River system in eastern India,https://doi.org/10.65087/aehm.028.04.7,Aquatic Ecosystem Health & Management,2026-06-09
896,Biodiversity and distribution of fishes of Lake Erie coastal wetlands,https://doi.org/10.65087/aehm.028.03.4,Aquatic Ecosystem Health & Management,2026-04-08
897,Preface,https://doi.org/10.65087/aehm.028.04.1,Aquatic Ecosystem Health & Management,2026-06-09
898,Lake Erie coastal-wetland vegetation: community composition and spatial and temporal variation over a 12-year period,https://doi.org/10.65087/aehm.028.03.2,Aquatic Ecosystem Health & Management,2026-04-08
899,Prelude,https://doi.org/10.65087/aehm.028.04.2,Aquatic Ecosystem Health & Management,2026-06-09
900,"Aquatic invertebrate communities of Lake Erie coastal wetlands: taxa richness, community composition, and spatial distribution",https://doi.org/10.65087/aehm.028.03.3,Aquatic Ecosystem Health & Management,2026-04-08
901,Ecology of Lake Erie – Wetlands and lake-wide planktonic communities: A synthesis,https://doi.org/10.65087/aehm.028.03.9,Aquatic Ecosystem Health & Management,2026-04-08
902,Abundance and movement patterns of fish accessing a reconnected Lake Erie coastal wetland: Insights from high-resolution sonar data,https://doi.org/10.65087/aehm.028.03.6,Aquatic Ecosystem Health & Management,2026-04-08
903,"Tracking continued change in offshore zooplankton in the three basins of Lake Erie, 1997-2022",https://doi.org/10.65087/aehm.028.03.8,Aquatic Ecosystem Health & Management,2026-04-08
904,Environmental heterogeneity affects the planktonic community heterogeneity along the altitudinal gradient in a ∼1200 km stretch of the Ganga River,https://doi.org/10.65087/aehm.028.04.4,Aquatic Ecosystem Health & Management,2026-06-09
905,"Macrophyte Community Structure in the Gangetic Floodplain Affected by Population Pressure and Construction Activities in the Patna City, Bihar Stretch of The River Ganga bank",https://doi.org/10.65087/aehm.028.04.5,Aquatic Ecosystem Health & Management,2026-06-09
906,Ecology of Lake Erie: Wetlands and lake-wide planktonic communities Foreword,https://doi.org/10.65087/aehm.028.03.1,Aquatic Ecosystem Health & Management,2026-04-08
907,"Benthic macroinvertebrates in bioassessment of Ramganga River, a Himalaya tributary of the Ganga basin",https://doi.org/10.65087/aehm.028.04.6,Aquatic Ecosystem Health & Management,2026-06-09
908,All pieces together now? A phylogenomic analysis and tribe‐level classification of the heterogeneous family Plantaginaceae,https://doi.org/10.1002/tax.70230,Taxon,2026-08-01
909,Molecular phylogenetics clarifies generic boundaries of the papilionoid legume subtribe Clitoriinae,https://doi.org/10.1002/tax.70162,Taxon,2026-06-01
910,"Squills vs. Hyacinths – A revised genus delimitation in Hyacinthinae (Hyacintheae, Scilloideae, Asparagaceae) based on phylogenomics",https://doi.org/10.1002/tax.70244,Taxon,2026-09-27
911,Resolving the taxonomic challenge of cryptic diversity in the Balkan‐Anatolian Cardamine acris complex using an integrative approach,https://doi.org/10.1002/tax.70205,Taxon,2026-07-30
912,(3140–3141) Proposals to conserve the names Caucalis and Caucalis daucoides (Orlaya daucoides) ( Umbelliferae ) with conserved types,https://doi.org/10.1002/tax.70117,Taxon,2026-02-01
913,(3152) Proposal to conserve the name Lupinus micranthus Guss. against L. micranthus Douglas and L. stoloniferus ( Fabaceae ),https://doi.org/10.1002/tax.70138,Taxon,2026-04-01
914,The liverwort genus Metzgeria (Jungermanniopsida) in Europe – An integrative taxonomic update,https://doi.org/10.1002/tax.70165,Taxon,2026-06-01
915,Exploring the repetitive DNA diversity in Solanum betaceum (Solanaceae),https://doi.org/10.1002/tax.70172,Taxon,2026-06-01
916,Typification of the Linnaean name Gratiola peruviana (Plantaginaceae),https://doi.org/10.1002/tax.70156,Taxon,2026-05-06
917,(3138) Proposal to conserve the name Clerodendrum nutans ( Lamiaceae ) with a conserved type,https://doi.org/10.1002/tax.70114,Taxon,2026-02-01
918,"(3182–3183) Proposals to reject the names Heracleum gummiferum and H. speciosum ( Apiaceae / Umbelliferae , nom. alt.)",https://doi.org/10.1002/tax.70223,Taxon,2026-08-01
919,(130) Request for a binding decision on whether Westiellopsis M. Janet ( Cyanobacteria : Hapalosiphonaceae ) and Westellopsis C.C. Jao ( Chlorophyta : Scenedesmaceae ) are sufficiently alike to be confused,https://doi.org/10.1002/tax.70190,Taxon,2026-06-01
920,"Hairy, hairy quite contrary: Pollination and functional floral traits in a hirsute carrion‐scented stapeliad",https://doi.org/10.1002/tax.70174,Taxon,2026-06-01
921,"Revisiting phylogenetics of Dahlia , Hidalgoa and allied genera (Coreopsideae, Asteraceae)",https://doi.org/10.1002/tax.70245,Taxon,2026-09-08
922,Phylogenomic analysis of Madagascar's baobabs reveals admixed populations and supports resurrection of a previously described species,https://doi.org/10.1002/tax.70176,Taxon,2026-07-12
923,"Biocrust restoration in novel climates: assisted migration, habitat amelioration, and varied community composition as climate‐smart techniques",https://doi.org/10.1111/rec.70490,Restoration Ecology,2026-08-06
924,Dimensions of dace dynamics: temporal variation in abundance and survival of an imperiled desert fish guide habitat restoration,https://doi.org/10.1111/rec.70378,Restoration Ecology,2026-04-03
925,Evaluating biodiversity and socio‐economic impacts of community‐led mangrove restoration: a case study from Kenya,https://doi.org/10.1111/rec.70477,Restoration Ecology,2026-06-29
926,Planted grasslands have equivalent or higher arthropod biomass than native grassland important to nesting Sprague's Pipits ( Anthus spragueii ) early in the breeding season,https://doi.org/10.1111/rec.70446,Restoration Ecology,2026-06-22
927,Trait‐based restoration in African dryland restoration projects: overcoming systemic and scientific barriers for a viable future,https://doi.org/10.1111/rec.70331,Restoration Ecology,2026-01-20
928,"Long‐term effects of annual mowing on plant diversity, community composition, and temporal stability in wet grasslands",https://doi.org/10.1111/rec.70496,Restoration Ecology,2026-07-27
929,Plant and soil biodiversity reveals past and potential future states of naturally regenerating and planted native forests,https://doi.org/10.1111/rec.70356,Restoration Ecology,2026-03-09
930,Context‐dependent decision‐making in seed sourcing for restoration: reply to Beck et al. (2025),https://doi.org/10.1111/rec.70510,Restoration Ecology,2026-08-23
931,"What do you mean, “seascape restoration”? Definitions and global practice",https://doi.org/10.1111/rec.70561,Restoration Ecology,2026-09-29
932,Utilitarian and biocentric stakeholders' visual preferences for floodplain restoration heterogeneity,https://doi.org/10.1111/rec.70315,Restoration Ecology,2026-01-22
933,Plant community recovery trajectories under active restoration in degraded alpine grasslands,https://doi.org/10.1111/rec.70466,Restoration Ecology,2026-06-14
934,Integrating natural baselines into ecosystem restoration: scaling herbivore targets for European landscapes,https://doi.org/10.1111/rec.70508,Restoration Ecology,2026-08-13
935,Funding diversification for scaling up freshwater restoration in Europe: factors shaping the role of restoration teams,https://doi.org/10.1111/rec.70469,Restoration Ecology,2026-06-15
936,Estimating costs of ecological restoration across degradation scenarios in South Brazilian grasslands,https://doi.org/10.1111/rec.70283,Restoration Ecology,2026-01-07
937,Ecosystem recovery in restored saltmarshes detected through invertebrate communities,https://doi.org/10.1111/rec.70401,Restoration Ecology,2026-04-22
938,Diffeomorphic Independent Contrasts for Ancestral Reconstruction of Shapes,https://doi.org/10.1093/sysbio/syag019,Systematic Biology,2026-02-26
939,Cold Origins Limit the Establishment of Northern Temperate Plants in the Southern Hemisphere,https://doi.org/10.1093/sysbio/syag036,Systematic Biology,2026-04-28
940,Directional Biases in Morphological Evolution: Implications for Phylogenetic Models,https://doi.org/10.1093/sysbio/syag063,Systematic Biology,2026-08-16
941,Evolving View on Phylogenetic Networks,https://doi.org/10.1093/sysbio/syag045,Systematic Biology,2026-07-08
942,Nemo Knows: Clownfishes Differentiate Cryptic Host Species Across Fine and Broad Geographic Scales and Reveal a Diverse Species Complex in the Clownfish-Hosting Sea Anemones,https://doi.org/10.1093/sysbio/syag033,Systematic Biology,2026-04-09
943,A Genomic Perspective on Cryptic Species Reveals Complex Evolutionary Dynamics in the Gray Zone of the Speciation Continuum,https://doi.org/10.1093/sysbio/syag001,Systematic Biology,2026-01-14
944,Stochastic Phylogenetic Models of Shape,https://doi.org/10.1093/sysbio/syag048,Systematic Biology,2026-07-09
945,Inferring Branch-Specific Rates of Lineage Diversification Under the Birth–Death-Shift Process,https://doi.org/10.1093/sysbio/syag003,Systematic Biology,2026-01-23
946,Automatic Discovery of Optimal Discrete Character Models,https://doi.org/10.1093/sysbio/syag018,Systematic Biology,2026-02-26
947,Gene Flow Creates Fuzzy Species Boundaries in Fence Lizards,https://doi.org/10.1093/sysbio/syag061,Systematic Biology,2026-08-16
948,Exploring Incongruence in a Plant Genus with Relatively Recent Polyploidy and Cytoplasmic Discordance,https://doi.org/10.1093/sysbio/syag060,Systematic Biology,2026-08-06
949,Improving the Robustness of Phylogenetic Independent Contrasts: Addressing Abrupt Evolutionary Shifts with Outlier- and Distribution-Guided Correlation,https://doi.org/10.1093/sysbio/syag024,Systematic Biology,2026-03-09
950,Assessing the Validity of the Fixed Tree Topology Assumption in Phylodynamic Inference,https://doi.org/10.1093/sysbio/syag069,Systematic Biology,2026-08-31
951,Phylotranscriptomic Analyses Uncover the Evolutionary History and Asymmetric Diversification Patterns of the Wheat Tribe,https://doi.org/10.1093/sysbio/syag008,Systematic Biology,2026-01-27
952,Coalescent-Based Branch Length Estimation Improves Dating of Species Trees,https://doi.org/10.1093/sysbio/syag038,Systematic Biology,2026-05-20
953,Deep learning‐based ecological analysis of camera trap images is impacted by training data quality and quantity,https://doi.org/10.1002/rse2.70052,Remote Sensing in Ecology and Conservation,2026-01-11
954,One Size Does Not Fit All—Ignoring Spatial Variation in Occupancy and Detectability Underestimates the Required Number of Camera Trap Sites,https://doi.org/10.1002/rse2.70103,Remote Sensing in Ecology and Conservation,2026-09-07
955,"Improved Cerrado Wetland Mapping Through Seasonal Moisture Metrics, Terrain Information and Semantic Segmentation",https://doi.org/10.1002/rse2.70087,Remote Sensing in Ecology and Conservation,2026-06-18
956,Citizen Science for Individual Identification of Pine Martens Martes martes From Camera Trap Footage,https://doi.org/10.1002/rse2.70094,Remote Sensing in Ecology and Conservation,2026-07-24
957,Historical remote sensing highlights long‐term persistence of Emperor Penguin ( Aptenodytes forsteri ) colonies,https://doi.org/10.1002/rse2.70064,Remote Sensing in Ecology and Conservation,2026-03-10
958,Tracking Wintertime Behaviour of Emperor Penguins Using High‐Resolution Synthetic Aperture Radar Imagery,https://doi.org/10.1002/rse2.70083,Remote Sensing in Ecology and Conservation,2026-05-29
959,Large‐scale characterization of horizontal forest structure from remote sensing optical images,https://doi.org/10.1002/rse2.70058,Remote Sensing in Ecology and Conservation,2026-01-16
960,Knee height is often right: evaluating device height effects on camera trapping rate,https://doi.org/10.1002/rse2.70053,Remote Sensing in Ecology and Conservation,2026-02-16
961,Lacking data? No worries! How synthetic images can alleviate image scarcity in wildlife surveys: A case study with muskox ( <i>Ovibos moschatus</i> ),https://doi.org/10.1002/rse2.70056,Remote Sensing in Ecology and Conservation,2026-02-13
962,Quantifying Migratory Bat Movements in Central Europe Across Seasons and Years Using a Vertical‐Looking Radar,https://doi.org/10.1002/rse2.70076,Remote Sensing in Ecology and Conservation,2026-04-27
963,Using Airborne Laser Scanning and Sentinel‐2 to Understand Subcanopy Light Regimes and Understory Diversity of Vascular Plants in Temperate Mountain Forests,https://doi.org/10.1002/rse2.70086,Remote Sensing in Ecology and Conservation,2026-06-16
964,Rhyming in the cold: first evidence of soniferous fishes in the Southern Ocean,https://doi.org/10.1002/rse2.70065,Remote Sensing in Ecology and Conservation,2026-03-13
965,An autonomous network of acoustic detectors to map tiger risk by eavesdropping on prey alarm calls,https://doi.org/10.1002/rse2.70061,Remote Sensing in Ecology and Conservation,2026-02-04
966,"Climate‐Driven Mangrove Dieback and Recovery: A Case Study in Albert and Leichhardt Rivers, Australia",https://doi.org/10.1002/rse2.70080,Remote Sensing in Ecology and Conservation,2026-05-06
967,"Synthetic Imagery Improves Ecological Classification When Real Data Are Scarce, Not Direct Substitutes",https://doi.org/10.1002/rse2.70105,Remote Sensing in Ecology and Conservation,2026-09-02
968,Childhood maltreatment and aggression in Chinese patients: The chain mediating role of dark triad and anger rumination,https://doi.org/10.1016/j.paid.2026.113801,Personality and Individual Differences,2026-03-31
969,Grit moderates longitudinal associations between chronotype dimensions and depressive symptoms,https://doi.org/10.1016/j.paid.2026.113899,Personality and Individual Differences,2026-05-22
970,Registered Report Stage I: Beyond turbulence: How emotional intelligence and racial bias shape conflict effectiveness in airline personnel,https://doi.org/10.1016/j.paid.2026.114037,Personality and Individual Differences,2026-08-14
971,Personality traits are associated with human cortical structural development during the transition from late adolescence to young adulthood: A longitudinal structural MRI study,https://doi.org/10.1016/j.paid.2026.113808,Personality and Individual Differences,2026-04-03
972,Eating disorders in the shadow of conflict: Risk factors in civilians exposed to war,https://doi.org/10.1016/j.paid.2026.113647,Personality and Individual Differences,2026-01-14
973,ERP characteristics of temporal self and reflected appraisals in college students with academic anxiety,https://doi.org/10.1016/j.paid.2026.113950,Personality and Individual Differences,2026-06-22
974,ISSID Pages,https://doi.org/10.1016/s0191-8869(26)00227-8,Personality and Individual Differences,2026-04-30
975,A scoping review of kindness measurement tools,https://doi.org/10.1016/j.paid.2025.113616,Personality and Individual Differences,2026-01-06
976,Structure and centrality of clinically meaningful psychopathology constructs across age groups in a Brazilian sample,https://doi.org/10.1016/j.paid.2026.114043,Personality and Individual Differences,2026-08-28
977,From disposition to action: The role of trait and state reactance in pro-choice protest participation in Poland,https://doi.org/10.1016/j.paid.2026.114088,Personality and Individual Differences,2026-09-18
978,"Domain-specific risk tendencies show little association, directly or indirectly, with domain-specific self-esteem",https://doi.org/10.1016/j.paid.2026.114074,Personality and Individual Differences,2026-09-18
979,The development of the daughter-guarding scale: An exploratory and confirmatory factor analytic study,https://doi.org/10.1016/j.paid.2026.113698,Personality and Individual Differences,2026-02-05
980,The dual-path mechanism underlying the influence of negative workplace gossip on receivers' thriving at work,https://doi.org/10.1016/j.paid.2026.114075,Personality and Individual Differences,2026-09-16
981,Examining measurement invariance across gender in the BFAS-40,https://doi.org/10.1016/j.paid.2026.113695,Personality and Individual Differences,2026-02-09
982,"Distinct profiles of free speech support and their demographic, ideological, and epistemic characteristics",https://doi.org/10.1016/j.paid.2026.114009,Personality and Individual Differences,2026-07-23
983,How do freshwater prey respond to combinations of predation risk and salinity?,https://doi.org/10.1002/oik.12034,Oikos,2026-01-09
984,From the brink of extinction to regulation: northern Europe's white‐tailed eagles now face density dependence and climate constraints after rapid population growth,https://doi.org/10.1002/oik.11974,Oikos,2026-03-04
985,Environmental temperature shapes heart size evolution in birds,https://doi.org/10.1002/oik.12368,Oikos,2026-06-22
986,Humans acting as ‘super predators' in Central African forests: trophic downgrading and disruption of predator–prey dynamics,https://doi.org/10.1002/oik.12054,Oikos,2026-06-29
987,Plant responses to herbivory shift the contributions of different pollinator taxa to plant reproduction,https://doi.org/10.1002/oik.11650,Oikos,2026-01-22
988,Integrating and assessing metacommunity drivers of ecosystem function and resilience in benthic algal systems,https://doi.org/10.1002/oik.11887,Oikos,2026-07-14
989,Community dynamics of lignicolous lichens on standing deadwood in a 275‐year chronosequence,https://doi.org/10.1002/oik.11835,Oikos,2026-02-17
990,The dual role of detritus as resource and habitat: integrating non‐trophic processes to ecosystem dynamics,https://doi.org/10.1002/oik.12193,Oikos,2026-06-24
991,A tipping point for tipping points,https://doi.org/10.1002/oik.12273,Oikos,2026-08-17
992,Asynchronous river floodplain environment dampens ecological variability across scales,https://doi.org/10.1002/oik.11967,Oikos,2026-03-01
993,Thermophilisation drives multi‐scale declines in carabid species richness in temperate forests over 25 years,https://doi.org/10.1002/oik.12231,Oikos,2026-05-20
994,Do nutrient pulses and presses affect multi‐trophic biomass and abundance similarly?,https://doi.org/10.1002/oik.11956,Oikos,2026-05-07
995,Shifts in phenology influence synchrony of flowering plants and their pollinators along an elevation gradient,https://doi.org/10.1002/oik.11738,Oikos,2026-01-14
996,"Drivers of stability in plankton communities: dominance, asynchrony, and averaging effects across temporal, spatial and trophic scales",https://doi.org/10.1002/oik.11549,Oikos,2026-08-07
997,Individual variation in perceived density of conspecifics and its impacts on the realization of ecological niches,https://doi.org/10.1002/oik.11981,Oikos,2026-03-06
998,Negative symbolism of wildlife shapes human–nature coexistence: The plight of owls in Nigeria,https://doi.org/10.1002/pan3.70368,People and Nature,2026-06-15
999,Social cohesion in restoration landscapes: The case of Rwanda,https://doi.org/10.48548/pubdata-4050,People and Nature,2026-07-23
1000,Survey‐based study of public perceptions and preferences for mitigating flood risk via nature‐based solutions in the United States,https://doi.org/10.1002/pan3.70229,People and Nature,2026-01-06
1001,"‘They are not predators: They are a higher power’—Relational values and principles framing human–predator relationship in Noongar Country, Southwestern Australia",https://doi.org/10.1002/pan3.70304,People and Nature,2026-06-15
1002,The impact of tropical forests on local climate: Comparing recent research with conservation practitioner information priorities,https://doi.org/10.1002/pan3.70375,People and Nature,2026-07-02
1003,Why do people go to nature? Enhancing the recognition and scope of cultural ecosystem services in landscape,https://doi.org/10.1002/pan3.70245,People and Nature,2026-01-23
1004,Integrating human acceptance into habitat suitability models for snow leopards in northern Bhutan,https://doi.org/10.1002/pan3.70338,People and Nature,2026-05-18
1005,A review of blue carbon credit projects' socio‐economic activities,https://doi.org/10.1002/pan3.70369,People and Nature,2026-06-30
1006,"Systems of reciprocity in human–ocean relationships: Across time, place, language and culture",https://doi.org/10.1002/pan3.70312,People and Nature,2026-04-16
1007,Synergizing scientific and local knowledge for ecosystem services assessments: A case study in northern Portugal,https://doi.org/10.1002/pan3.70261,People and Nature,2026-02-11
1008,‘We want to be the hosts of this story’: Learning from community‐led approaches to data governance of land use for nature recovery,https://doi.org/10.1002/pan3.70327,People and Nature,2026-04-28
1009,Charge towards green finance ignores risks of nature commodification: Evidence from the UK 's climate and nature recovery policy landscape,https://doi.org/10.1002/pan3.70288,People and Nature,2026-03-18
1010,"Nature's values, drivers and perceived influence on ecosystem services shape agroecological livestock farming in the Netherlands",https://doi.org/10.1002/pan3.70355,People and Nature,2026-05-29
1011,Epistemic opacity in Antarctic science: Unknowing the last frontier,https://doi.org/10.1002/pan3.70324,People and Nature,2026-04-18
1012,Developing ocean literacy through a relational model: Exploring outcomes of a place‐based ocean education programme in primary schools,https://doi.org/10.1002/pan3.70264,People and Nature,2026-02-13
1013,A review of roadside green space ecological benefits using citespace: research hotspots and future trends,https://doi.org/10.1007/s11252-026-01955-z,Urban Ecosystems,2026-03-30
1014,How blue-green space shapes regional resilience: a review of multidimensional impact mechanisms,https://doi.org/10.1007/s11252-026-02084-3,Urban Ecosystems,2026-08-10
1015,"Herpetofaunal diversity and habitat associations in an urban protected area: a case study from Asola-Bhatti Wildlife Sanctuary, Delhi",https://doi.org/10.1007/s11252-026-01962-0,Urban Ecosystems,2026-04-22
1016,Experimental exposure to anthropogenic noise disrupts early-stage prey localization in the orb-weaving spider Argiope trifasciata,https://doi.org/10.1007/s11252-026-02076-3,Urban Ecosystems,2026-07-22
1017,Influence of urbanization and local environmental factors on ground-dwelling spider assemblages in coastal forests,https://doi.org/10.1007/s11252-026-02025-0,Urban Ecosystems,2026-05-28
1018,"The role of urban parks and informal green spaces in supporting the biodiversity of spontaneous flora and insect pollinators: a case study in Prague, Czech Republic",https://doi.org/10.1007/s11252-026-02071-8,Urban Ecosystems,2026-07-29
1019,Functional traits mediate pollinator community responses to urban development in Central Arkansas,https://doi.org/10.1007/s11252-026-02014-3,Urban Ecosystems,2026-05-21
1020,Peri-urban sustenance: unexpectedly broad overlap in dwarf chameleon (Bradypodion) diets between natural and transformed habitats,https://doi.org/10.1007/s11252-026-01956-y,Urban Ecosystems,2026-03-26
1021,Climate variability and air pollution threaten urban tree growth in a tropical city,https://doi.org/10.1007/s11252-026-02086-1,Urban Ecosystems,2026-08-01
1022,"Socioeconomic inequality shapes urban bird richness: Evidence for the luxury effect in Bogotá, Colombia",https://doi.org/10.1007/s11252-026-02067-4,Urban Ecosystems,2026-09-04
1023,Homogenisation and loss of specialisation in terrestrial isopods along an urban gradient: The role of local and landscape factors,https://doi.org/10.1007/s11252-026-01994-6,Urban Ecosystems,2026-05-04
1024,Urban habitat use by bats at species and community levels across multiple spatial scales,https://doi.org/10.1007/s11252-026-02046-9,Urban Ecosystems,2026-06-15
1025,Urban wildlife gardeners successfully support native bees in their backyards,https://doi.org/10.1007/s11252-026-01993-7,Urban Ecosystems,2026-04-28
1026,The effect of urbanization on dislodged abundance of two flea species in arboreal squirrels,https://doi.org/10.1007/s11252-026-01932-6,Urban Ecosystems,2026-05-20
1027,Where dogs roam: Exploring the ecology of free-ranging dogs through the lens of the Resource Dispersion Hypothesis,https://doi.org/10.1007/s11252-026-01972-y,Urban Ecosystems,2026-04-13
1028,Integrating plant immune engineering with soil health: A holistic approach for resilient crops,https://doi.org/10.1016/j.pedsph.2026.05.009,Pedosphere,2026-05-01
1029,Enhancing coffee plant growth using Aspergillus niger in phosphorus-fixing soil: insights from biometric and remote sensing analysis,https://doi.org/10.1016/j.pedsph.2026.07.005,Pedosphere,2026-07-01
1030,Distinct soil-type-depth specific mechanisms mediate carbon and phosphorus coupling in tropical soils,https://doi.org/10.1016/j.pedsph.2026.04.007,Pedosphere,2026-04-01
1031,Plant growth-promoting rhizobacteria: A sustainable approach for the cleanup of heavy metal-contaminated soil,https://doi.org/10.1016/j.pedsph.2026.07.001,Pedosphere,2026-07-01
1032,Toward coupled herbicide biodegradation and nitrogen fixation by algal-bacterial consortia in paddy fields: A review of progress and future perspectives,https://doi.org/10.1016/j.pedsph.2026.09.010,Pedosphere,2026-09-01
1033,Dual effects of repeated phytoextraction on cadmium removal from highly polluted soils and organic carbon stability,https://doi.org/10.1016/j.pedsph.2026.03.008,Pedosphere,2026-03-01
1034,Saline-alkali soil remediation enhanced the hydroxyl radical production as well as the soluble Fe(II) content generated via the dissimilatory microbial iron reduction,https://doi.org/10.1016/j.pedsph.2026.05.003,Pedosphere,2026-05-01
1035,Joint effects of manure application and tetracycline contamination on plant growth and tetracycline-resistance gene diffusion in a soil-pakchoi system,https://doi.org/10.1016/j.pedsph.2026.02.010,Pedosphere,2026-02-01
1036,Quantification of prediction uncertainty due to sample representation for digital soil mapping based on Third Law of Geography,https://doi.org/10.1016/j.pedsph.2026.03.003,Pedosphere,2026-03-01
1037,Synthetic soil aggregate analogues: multi-functional montmorillonite-organic-microbial composites for mitigating soil acidification,https://doi.org/10.1016/j.pedsph.2026.03.015,Pedosphere,2026-03-01
1038,Biochar application affects respiration and concomitant biological activities in agricultural soils: A global meta-analysis,https://doi.org/10.1016/j.pedsph.2026.01.019,Pedosphere,2026-01-01
1039,From regolith to dirt: the role of organic matter in creating a fertile soil beyond Earth,https://doi.org/10.1016/j.pedsph.2026.08.012,Pedosphere,2026-08-01
1040,"Bioavailability, human health risk, and source identification of potentially toxic metals in industrial soils of Tabriz, Iran",https://doi.org/10.1016/j.pedsph.2026.09.001,Pedosphere,2026-09-01
1041,"Biochar pyrolysis temperature determines the efficacy of 3, 4-dimethylpyrazole phosphate (DMPP) in reducing N2O emissions from low cadmium-contaminated paddy soil",https://doi.org/10.1016/j.pedsph.2026.03.006,Pedosphere,2026-03-01
1042,Alleviating microbial nitrogen immobilization by ditch-buried straw return improves wheat yield via enhancing pre-anthesis growth performance,https://doi.org/10.1016/j.pedsph.2026.03.014,Pedosphere,2026-03-01
1043,Unveiling the patchwork: landscape arrangement drives moose winter utilization of forests,https://doi.org/10.1007/s10980-026-02404-0,Landscape Ecology,2026-06-20
1044,Forest loss or fragmentation per se? Drivers of Nymphalidae butterfly diversity in fragmented landscapes,https://doi.org/10.1007/s10980-026-02366-3,Landscape Ecology,2026-05-13
1045,Fire disturbance and severity shape Canada lynx behavior: fine-scale movements and unburned island refugia,https://doi.org/10.1007/s10980-026-02321-2,Landscape Ecology,2026-03-04
1046,From expert knowledge to data-driven landscape classification: mapping ecological site groups across climatic and edaphic gradients,https://doi.org/10.1007/s10980-026-02385-0,Landscape Ecology,2026-06-03
1047,The role of landscape composition and configuration on watershed nutrient exports: A 60-year multiscale study in Puerto Rico,https://doi.org/10.1007/s10980-026-02318-x,Landscape Ecology,2026-03-02
1048,Ecological diffusion models are still useful in ecology,https://doi.org/10.1007/s10980-026-02353-8,Landscape Ecology,2026-06-03
1049,Landscape fragmentation and agricultural context impact pollination services to native annual plants in critically endangered Australian woodlands,https://doi.org/10.1007/s10980-026-02305-2,Landscape Ecology,2026-02-04
1050,AI-powered multisensor fusion for forest biomass mapping: photogrammetric canopy profiles improve estimates in Southeastern North Carolina,https://doi.org/10.1007/s10980-026-02377-0,Landscape Ecology,2026-05-30
1051,Connectivity indices can predict population persistence in river networks: insights from a metapopulation model,https://doi.org/10.1007/s10980-025-02278-8,Landscape Ecology,2026-01-08
1052,Potential habitat suitability and landscape permeability analysis for the conservation of Red List plant species,https://doi.org/10.1007/s10980-026-02314-1,Landscape Ecology,2026-02-19
1053,A multi-satellite comparison of forest growth between karst and adjacent non-karst nature reserves,https://doi.org/10.1007/s10980-026-02419-7,Landscape Ecology,2026-07-06
1054,Using GeoAI and machine learning tools for consistent high-resolution land cover mapping based on time-series NAIP imagery,https://doi.org/10.1007/s10980-026-02358-3,Landscape Ecology,2026-04-25
1055,"Not single large, not several small: the Requirement Estimation Based on Species Ecological Needs (REBSEN) is the best conceptual model to define conservation strategies in severely fragmented landscapes",https://doi.org/10.1007/s10980-026-02394-z,Landscape Ecology,2026-07-15
1056,Time-lag in the interacting effects of habitat amount and fragmentation on genetic diversity in red squirrels (Sciurus vulgaris),https://doi.org/10.1007/s10980-026-02374-3,Landscape Ecology,2026-05-21
1057,Farmland bird diversity requires heterogeneity between and within habitats,https://doi.org/10.1007/s10980-026-02406-y,Landscape Ecology,2026-07-03
1058,Ignoring death after spawning misrepresents the population dynamics of marine semelparous species,https://doi.org/10.1111/1365-2664.70572,Journal of Applied Ecology,2026-09-01
1059,Models reveal potential synergies in management actions for bull kelp forest resilience and restoration,https://doi.org/10.1111/1365-2664.70448,Journal of Applied Ecology,2026-06-01
1060,Integrating wild bird and environmental samples can strengthen avian influenza surveillance,https://doi.org/10.1111/1365-2664.70584,Journal of Applied Ecology,2026-09-01
1061,Plant species richness is key for restoring grassland butterfly assemblages,https://doi.org/10.1111/1365-2664.70513,Journal of Applied Ecology,2026-08-01
1062,Identification of camera trap images by artificial intelligence and human experts produces similar multi‐species occupancy models,https://doi.org/10.1111/1365-2664.70370,Journal of Applied Ecology,2026-05-01
1063,Artificial light at night ( ALAN ) is a stronger inhibitor of overwintering dormancy than urban warming in mosquitoes,https://doi.org/10.1111/1365-2664.70407,Journal of Applied Ecology,2026-05-01
1064,Glade creation concentrates herbivory and slows tree recovery in encroached savannas,https://doi.org/10.1111/1365-2664.70440,Journal of Applied Ecology,2026-06-01
1065,Deer activity limits tree recruitment in woodland creation sites,https://doi.org/10.1111/1365-2664.70417,Journal of Applied Ecology,2026-05-01
1066,Designing effective oral rabies vaccination strategies for endangered carnivores: Lessons from bait uptake in Ethiopian wolves,https://doi.org/10.1111/1365-2664.70458,Journal of Applied Ecology,2026-07-01
1067,Rewilding beyond the wilderness: Beavers can restore stream biodiversity from urban to agricultural to natural landscapes,https://doi.org/10.1111/1365-2664.70439,Journal of Applied Ecology,2026-06-01
1068,Seasonal mass‐flowering events dominate landscape effects on plant–pollinator network structure,https://doi.org/10.1111/1365-2664.70377,Journal of Applied Ecology,2026-04-01
1069,Context‐dependent responses of soil microbes and nematodes to grazing: Evidence from a global meta‐analysis,https://doi.org/10.1111/1365-2664.70405,Journal of Applied Ecology,2026-05-01
1070,Aerial culling alters activity patterns but not grouping or movement in invasive fallow deer,https://doi.org/10.1111/1365-2664.70249,Journal of Applied Ecology,2026-01-01
1071,"Estimation of mangrove blue carbon stock in Ghana, West Africa",https://doi.org/10.1111/1365-2664.70526,Journal of Applied Ecology,2026-08-01
1072,Management of invasive alien plants in forests: A global perspective,https://doi.org/10.1111/1365-2664.70451,Journal of Applied Ecology,2026-07-01
1073,Addressing the challenges of managing and monitoring biodiversity in High Conservation Value areas and High Carbon Stock forests within oil palm landscapes,https://doi.org/10.1002/2688-8319.70162,Ecological Solutions and Evidence,2026-01-01
1074,Evidence‐based practice in consultancy settings is a win–win for business and nature,https://doi.org/10.1002/2688-8319.70176,Ecological Solutions and Evidence,2026-03-31
1075,Bumblebees are the most efficient pollinators of raspberry and strawberry in urban environments,https://doi.org/10.1002/2688-8319.70211,Ecological Solutions and Evidence,2026-01-01
1076,"Species and microsite selection shape Sphagnum transplant success in a metal‐contaminated peatland in Sudbury, Ontario",https://doi.org/10.1002/2688-8319.70314,Ecological Solutions and Evidence,2026-07-01
1077,Do solar farms alter invertebrate communities and reduce activity of the common pipistrelle bat ( Pipistrellus pipistrellus ) through prey‐mediated effects?,https://doi.org/10.1002/2688-8319.70296,Ecological Solutions and Evidence,2026-07-01
1078,Comparison of three temperate rainforest climate envelopes for Britain and Ireland: Where could our rainforest be?,https://doi.org/10.1002/2688-8319.70191,Ecological Solutions and Evidence,2026-01-01
1079,Guidelines to identify and quantify biodiversity co‐benefits of carbon plantings,https://doi.org/10.1002/2688-8319.70184,Ecological Solutions and Evidence,2026-01-01
1080,Counting elephants from space: An analytic framework for wildlife abundance surveys in heterogeneous terrain using satellites and AI,https://doi.org/10.1002/2688-8319.70320,Ecological Solutions and Evidence,2026-07-01
1081,A spatial analysis workflow to derive landscape‐scale conservation management information from GPS ‐monitored grazing livestock,https://doi.org/10.1002/2688-8319.70275,Ecological Solutions and Evidence,2026-06-30
1082,Evidence‐based practice is spreading but still limited in conservation and environmental management,https://doi.org/10.1002/2688-8319.70235,Ecological Solutions and Evidence,2026-03-30
1083,Wild versus commercial seed source shapes intraspecific trait variation and drought response in Schizachyrium scoparium,https://doi.org/10.1002/2688-8319.70323,Ecological Solutions and Evidence,2026-07-01
1084,Plant functional traits and species mixtures drive extensive green roof community performance at the establishment stage,https://doi.org/10.1002/2688-8319.70274,Ecological Solutions and Evidence,2026-07-01
1085,Detection and succession properties of forested vernal pools with eDNA metabarcoding,https://doi.org/10.1002/2688-8319.70209,Ecological Solutions and Evidence,2026-01-01
1086,"Mapping connectivity for conservation of a threatened iconic mammal, the koala: Trends, challenges and opportunities",https://doi.org/10.1002/2688-8319.70253,Ecological Solutions and Evidence,2026-04-01
1087,Countdown to extinction: Role of invasive wild boars in the population dynamics of the Yelkouan shearwater ( Puffinus yelkouan ) on Port‐Cros Island,https://doi.org/10.1002/2688-8319.70286,Ecological Solutions and Evidence,2026-06-30
1088,Could hair cortisol in free-ranging cattle be a proxy of wolf predation patterns?,https://doi.org/10.1093/conphys/coag002,Conservation Physiology,2026-01-01
1089,"Biologging of body temperature in a desert ungulate reveals water use, sex-specific seasonal thermoregulation and heterothermy-associated mortality",https://doi.org/10.1093/conphys/coag056,Conservation Physiology,2026-01-01
1090,Haematology and biochemistry reference intervals of Galapagos short-eared owls ( Asio flammeus galapagoensis ) from Floreana Island,https://doi.org/10.1093/conphys/coag013,Conservation Physiology,2026-01-01
1091,A sensitive liquid chromatography–tandem mass spectrometry analytical method of steroid hormones in small blubber samples from four whale species,https://doi.org/10.1093/conphys/coag023,Conservation Physiology,2026-01-01
1092,"Physiology and the future of animals in shifting-sand deserts: living, moving and thermoregulating in the sand",https://doi.org/10.1093/conphys/coag057,Conservation Physiology,2026-01-01
1093,Drivers of body condition in South American sea lion pups along a latitudinal gradient,https://doi.org/10.1093/conphys/coag018,Conservation Physiology,2026-01-01
1094,"Ontogenetic thermal and metabolic patterns guide physiologically informed, size-based fishery management",https://doi.org/10.1093/conphys/coag026,Conservation Physiology,2026-01-01
1095,Intra- and inter-specific differences of upper thermal limits in the sand darters (Percidae: Ammocrypta ),https://doi.org/10.1093/conphys/coag055,Conservation Physiology,2026-01-01
1096,Text recycling: defining the boundaries of acceptable reuse of one’s own work,https://doi.org/10.1093/conphys/coag047,Conservation Physiology,2026-01-01
1097,Optimized methods for obtaining sequencing-quality RNA from blubber of free-ranging cetaceans collected under field conditions,https://doi.org/10.1093/conphys/coag029,Conservation Physiology,2026-01-01
1098,Artificial light at night suppresses the metabolic response of a coral reef fish to a virtual predator,https://doi.org/10.1093/conphys/coag045,Conservation Physiology,2026-01-01
1099,A multidisciplinary assessment of endocrine and morphometric correlates of lactation physiology in southern right whales,https://doi.org/10.1093/conphys/coag014,Conservation Physiology,2026-01-01
1100,Fishing filters flathead form and function in Tasmania,https://doi.org/10.1093/conphys/coag016,Conservation Physiology,2026-01-01
1101,Spikes in the data: biological validation and applications of an assay for detecting faecal glucocorticoid metabolites in Western European hedgehogs ( Erinaceus europaeus ),https://doi.org/10.1093/conphys/coag063,Conservation Physiology,2026-01-01
1102,Biomarkers of foraging and reproduction in captive adult female hawksbill sea turtles ( Eretmochelys imbricata ),https://doi.org/10.1093/conphys/coag003,Conservation Physiology,2026-01-01
1103,Moderate Seasonal Grazing During the Seed‐Set Stage Is Detrimental to Seed Rain and the Soil Seed Bank in an Alpine Meadow,https://doi.org/10.1111/jvs.70114,Journal of Vegetation Science,2026-01-01
1104,Climatically Driven Stability in the Alpine/Moorland Boundary on Three Mountains in Southwest Lutruwita/Tasmania 1986–2020,https://doi.org/10.1111/jvs.70136,Journal of Vegetation Science,2026-03-01
1105,Forest Herb‐Layer Species Richness in the Western Balkan Diversity Hotspot,https://doi.org/10.1111/jvs.70167,Journal of Vegetation Science,2026-07-01
1106,Functional Guilds Mediate the Effects of Woody Encroachment on the Ground Layer in the Brazilian Cerrado,https://doi.org/10.1111/jvs.70120,Journal of Vegetation Science,2026-01-01
1107,Distribution and Regeneration Potential of the Soil Seed Bank of Ericaceous Vegetation in the Bale Mountains,https://doi.org/10.1111/jvs.70166,Journal of Vegetation Science,2026-07-01
1108,Neighbourhood Effects on Tree Seedlings Differ by Mycorrhizal Symbiont Type in a Mixed Dipterocarp Forest,https://doi.org/10.1111/jvs.70116,Journal of Vegetation Science,2026-01-01
1109,The Apple Does Not Fall Far From the Tree and How This Affects the Abiotic Stress Tolerance in Juvenile Trees,https://doi.org/10.1111/jvs.70126,Journal of Vegetation Science,2026-03-01
1110,Rare‐Species Loss Reduces Gannan Grassland Ecosystem Functional Redundancy and Stability,https://doi.org/10.1111/jvs.70139,Journal of Vegetation Science,2026-03-01
1111,PlotDEM: an open and reproducible relocation workflow for quasi-permanent vegetation plots in mountain areas,https://doi.org/10.5281/zenodo.18684583,Journal of Vegetation Science,2026-08-12
1112,Neotropical Cave Entrances as Environmental Filters for Vascular Plant Communities Along Low‐Light and Soil Resource Gradients,https://doi.org/10.1111/jvs.70165,Journal of Vegetation Science,2026-07-01
1113,Facilitation and Competition Show Opposite Trends With Increasing Environmental Stress in a Nurse Shrub System,https://doi.org/10.1111/jvs.70170,Journal of Vegetation Science,2026-07-01
1114,Bryophyte Microhabitat Control Over Seed Germination and Early Growth of Vascular Plants in the Sub‐Arctic,https://doi.org/10.1111/jvs.70155,Journal of Vegetation Science,2026-05-01
1115,Beyond Control: Short‐Term Legacy Effects of Invasive Nonnative Trees May Halt Biodiversity Recovery,https://doi.org/10.1111/jvs.70110,Journal of Vegetation Science,2026-01-01
1116,Functional Trait Adaptations Drive Enhanced Post‐Hurricane Resilience on Serpentine Soils,https://doi.org/10.1111/jvs.70130,Journal of Vegetation Science,2026-03-01
1117,White‐Tailed Deer Aid Garlic Mustard Invasion in a Minnesota Oak Forest,https://doi.org/10.1111/jvs.70146,Journal of Vegetation Science,2026-05-01
1118,A Soil Bulk Density Metric to Improve Rapid Assessment of Wetland Condition,https://doi.org/10.1007/s13157-026-02044-9,Wetlands,2026-07-07
1119,Road Salt Impacts on Soil Properties and Permanent Nitrogen Removal Capacity of Freshwater Urban Wetlands,https://doi.org/10.1007/s13157-025-02026-3,Wetlands,2026-01-01
1120,Long-Term Patterns of Geographically Isolated Wetland Inundation and Hydroperiods from the Gulf Coastal Plain,https://doi.org/10.1007/s13157-026-02068-1,Wetlands,2026-05-12
1121,"Implementing Communication, Education, Participation, and Awareness Strategies for Wetland Sustainability at Zrebar Wetland, Iran",https://doi.org/10.1007/s13157-025-01996-8,Wetlands,2026-01-01
1122,"Loss and Transformation of Coastal Wetlands due to Global Change in the Conterminous United States: Past, Present, and Future",https://doi.org/10.1007/s13157-026-02087-y,Wetlands,2026-06-26
1123,Hydrologic Change in Seasonal Flood Pulse Dynamics Influences Fish Community Composition in a Freshwater Wetland,https://doi.org/10.1007/s13157-026-02123-x,Wetlands,2026-09-08
1124,"Seasonal Flooded Forests and Shifting Bushmeat Dynamics in West Africa: Opportunistic Consumption of Snakes and Other Reptiles in Itu Wetlands, Nigeria",https://doi.org/10.1007/s13157-026-02038-7,Wetlands,2026-03-01
1125,Are Climate Change and Introduced Fish Altering Demography and Reproductive Phenology of the Italian Smooth Newt?,https://doi.org/10.1007/s13157-026-02077-0,Wetlands,2026-05-27
1126,"Effects of Hydrological Management, Ivermectin Use and Seasonality on the Diversity of Dung-Associated Coleopterans in Wetlands of the Lower Paraná River Delta, Argentina",https://doi.org/10.1007/s13157-026-02050-x,Wetlands,2026-04-01
1127,"Treating Healthcare Wastewater with Constructed Wetlands Using Ignimbrite and Cyperus alternifolius: Removal of COD, Nutrients, and Suspended Solids",https://doi.org/10.1007/s13157-026-02080-5,Wetlands,2026-06-01
1128,Bridging Functions and Values: Advancing Wetland Ecosystem Service Assessment Through Use of a Service Capacity Index,https://doi.org/10.1007/s13157-025-02028-1,Wetlands,2026-03-01
1129,Spatial Patterns of Habitat Use of Wintering Tidal Marsh Birds Along the Mississippi Gulf Coast,https://doi.org/10.1007/s13157-026-02041-y,Wetlands,2026-03-26
1130,Impacts of Hydrological Drying on Carbon Stocks of Aboveground Woody Biomass: Assessing Community and Keystone Palm Mauritia flexuosa L.f. Responses in Cerrado Veredas Wetlands,https://doi.org/10.1007/s13157-026-02129-5,Wetlands,2026-09-28
1131,"Zooplankton Associated with Macrophytes and in Open Water in an Urban, Eutrophic Wetland",https://doi.org/10.1007/s13157-026-02088-x,Wetlands,2026-07-06
1132,Comparing the Histories of the Development of Wetlands Regulation Systems in China and the USA,https://doi.org/10.1007/s13157-026-02090-3,Wetlands,2026-07-30
1133,Beyond Park Boundaries: Pastoral Rangelands as Functional Habitat for Migratory Herbivores in the Serengeti Ecosystem,https://doi.org/10.1111/aje.70223,African Journal of Ecology,2026-09-26
1134,Seasonal and Environmental Drivers of Bird Community Composition in a Tropical Savannah Landscape,https://doi.org/10.1111/aje.70210,African Journal of Ecology,2026-08-01
1135,"Assessment of Comparative Records of Bat Species Diversity in Different Land‐Use Types in the Mbam and Djerem, a Transitional Landscape of Central Africa",https://doi.org/10.1111/aje.70206,African Journal of Ecology,2026-07-01
1136,"Indicator Copepod Species and Their Distribution Along Algerian Coast During Spring 2019 (HYDROBIOS Cruise, 1° W–7° E, SW Mediterranean Sea)",https://doi.org/10.1111/aje.70164,African Journal of Ecology,2026-03-01
1137,"Short‐Term Effects of Alien Pine Control on Bird Species Richness in Mountain Fynbos, South Africa",https://doi.org/10.1111/aje.70196,African Journal of Ecology,2026-06-01
1138,"Hexalobus monopetalus (Matundu) as a Traditional Food Resource of the Nhaneka-Humbi People in Matala, Huíla, Angola",https://doi.org/10.5281/zenodo.22002125,African Journal of Ecology,2026-08-18
1139,Dormitory Trees Preference and Distribution of the Tree Hyrax ( Dendrohyrax interfluvialis ) in a West African Forest,https://doi.org/10.1111/aje.70166,African Journal of Ecology,2026-04-01
1140,Arboreal Duels in a Shared Niche: Direct Observations of Vinesnake ( Thelotornis mossambicanus ) Predation on Chameleons ( Chamaeleo dilepis ) Reveal Complex Foraging Dynamics,https://doi.org/10.1111/aje.70190,African Journal of Ecology,2026-06-01
1141,Monitoring the Seasonal Functioning of Tropical Ecosystems With Phenocams,https://doi.org/10.1111/aje.70143,African Journal of Ecology,2026-01-01
1142,Tree Size and Canopy Cover Determine Occurrence of Two Sympatric Bird Species in the Degraded Coastal Forest Patches of Northeastern Tanzania,https://doi.org/10.1111/aje.70197,African Journal of Ecology,2026-06-01
1143,Assessing Translocation Success or Failure of the African Buffalo ( Syncerus caffer ) in Post‐War Mozambique Using Species Distribution Modelling,https://doi.org/10.1111/aje.70202,African Journal of Ecology,2026-07-01
1144,Burrow Selection by Temminck's Ground Pangolins ( Smutsia temminckii ) in Northern Botswana,https://doi.org/10.1111/aje.70141,African Journal of Ecology,2026-01-01
1145,Environmental and Anthropogenic Drivers of Giraffe Occurrence and Relative Abundance in a Mixed‐Use Savannah,https://doi.org/10.1111/aje.70171,African Journal of Ecology,2026-04-01
1146,"Modelling a Suitable Habitat for Nigeria–Cameroon Chimpanzees ( Pan troglodytes ellioti , Matschie, 1914) in Mpem and Djim National Park, Central Cameroon",https://doi.org/10.1111/aje.70189,African Journal of Ecology,2026-06-01
1147,The Role of Microbial and Macroinvertebrate Communities on Early Leaf Decomposition Rates of the African Cycad,https://doi.org/10.1111/aje.70165,African Journal of Ecology,2026-03-01
1148,Co‐Flowering Plant Species in a Glasshouse Boost Both Strawberry Production and Bee Health,https://doi.org/10.1002/sae2.70198,Journal of Sustainable Agriculture and Environment,2026-08-03
1149,Early Physiological and Transcriptomic Responses of Container‐Grown Blueberry (Vaccinium corymbosum L. ‘Sierra’ ) to Partial Substrate Replacement With Biochar,https://doi.org/10.1002/sae2.70162,Journal of Sustainable Agriculture and Environment,2026-04-16
1150,Integrating Solar Energy and Conservation to Support Resilient Agricultural Landscapes,https://doi.org/10.1002/sae2.70181,Journal of Sustainable Agriculture and Environment,2026-06-01
1151,Characterizing How Community‐Level Plant Functional Traits Impact Soil Microbial Diversity,https://doi.org/10.1002/sae2.70196,Journal of Sustainable Agriculture and Environment,2026-08-03
1152,Carbon Accounting at the Farm Level: Scenarios to Achieving Net‐Zero Status,https://doi.org/10.1002/sae2.70180,Journal of Sustainable Agriculture and Environment,2026-06-01
1153,The Effect of Summer Cover Cropping on Soil Health Is Limited by the Quantity of Carbon Inputs in a Winter Dominant Low Rainfall Environment,https://doi.org/10.1002/sae2.70166,Journal of Sustainable Agriculture and Environment,2026-04-19
1154,Glomus iranicum var. Tenuihypharum as a Biofertilizer Modulates Soil Microbial Community Composition and Enhances Soil Carbon Dynamics in Nectarine Cultivation,https://doi.org/10.1002/sae2.70176,Journal of Sustainable Agriculture and Environment,2026-07-09
1155,Evaluating Biostimulant Products for Wheat Production in Weathered Soils and Dry Environments,https://doi.org/10.1002/sae2.70197,Journal of Sustainable Agriculture and Environment,2026-08-03
1156,"Growing Australian Rice in Non‐Flooded Soil Increases Water Use Efficiency and Mycorrhizal Colonisation, but Reduces Grain Micronutrient Concentrations",https://doi.org/10.1002/sae2.70112,Journal of Sustainable Agriculture and Environment,2026-04-08
1157,"Complete Chloroplast Genome of Indonesian Sugarcane ( Saccharum ‘Bululawang’): Comparative, Structural, and Evolutionary Analysis of Photosystem I‐Encoding Genes",https://doi.org/10.1002/sae2.70187,Journal of Sustainable Agriculture and Environment,2026-07-11
1158,Drought and Diversification‐Mediated Soil Legacies Influence Plant Growth and Rhizosheath Formation,https://doi.org/10.1002/sae2.70151,Journal of Sustainable Agriculture and Environment,2026-03-01
1159,Ecological Impacts of Chemical Fumigants on Nematode Community Composition,https://doi.org/10.1002/sae2.70174,Journal of Sustainable Agriculture and Environment,2026-05-18
1160,Flow‐Made Fertilisers for Cherry Belle Radish ( Raphanus sativus L.) Growth in Acidic and Calcareous Soils,https://doi.org/10.1002/sae2.70172,Journal of Sustainable Agriculture and Environment,2026-05-12
1161,Short‐Term Response of Soil Health Indicators to Cover Crop Management in Small‐Scale Vegetable Cropping Systems,https://doi.org/10.1002/sae2.70149,Journal of Sustainable Agriculture and Environment,2026-04-27
1162,Responses of Root Microbiome and Metabolome Are Linked to Crop Disease Severity,https://doi.org/10.1002/sae2.70129,Journal of Sustainable Agriculture and Environment,2026-01-11
1163,Impacts of non-native fishes: from global patterns to Indian contexts,https://doi.org/10.3897/neobiota.108.182031,NeoBiota,2026-07-15
1164,Streamlining alien species listing processes to enable prioritisation and reporting in protected areas: The case of alien plants in South African National Parks,https://doi.org/10.3897/neobiota.105.159101,NeoBiota,2026-01-22
1165,Temporal genomics unravels demographic and selective invasion dynamics of Drosophila suzukii at a European range edge,https://doi.org/10.3897/neobiota.107.176004,NeoBiota,2026-05-04
1166,Leveraging spatial scale and temporal variation to track the spread rate of invasive spotted lanternflies (Lycorma delicatula),https://doi.org/10.3897/neobiota.106.177041,NeoBiota,2026-03-27
1167,Image-based recognition using advanced neural networks can aid surveillance of Agrilus jewel beetles,https://doi.org/10.3897/neobiota.105.180959,NeoBiota,2026-02-24
1168,Twenty-five years of Neobiota: building a community for invasion science in Europe and beyond,https://doi.org/10.3897/neobiota.107.173229,NeoBiota,2026-04-21
1169,Invasive plant-induced shifts in water chemistry and microeukaryotes enhance mosquito development,https://doi.org/10.3897/neobiota.106.167149,NeoBiota,2026-03-26
1170,Striking diversity and distribution of non-native chelonians in Germany,https://doi.org/10.3897/neobiota.107.178668,NeoBiota,2026-06-02
1171,TRACKS: Six good practices for Non-Indigenous Species research and their SWOT evaluation,https://doi.org/10.3897/neobiota.105.171461,NeoBiota,2026-02-02
1172,A workflow for impact indicators of alien species: A demonstration with Acacia species,https://doi.org/10.3897/neobiota.109.193861,NeoBiota,2026-09-03
1173,Trophic ecology of the invasive marbled crayfish in ephemeral streams of semi-arid environments,https://doi.org/10.3897/neobiota.108.183096,NeoBiota,2026-07-06
1174,Wing shape changes as a proxy for invasion success in Antarctica: case study of Psychoda albipennis (Psychodidae) using geometric morphometrics,https://doi.org/10.3897/neobiota.105.167989,NeoBiota,2026-02-03
1175,"Genetic assessment of the introduced rats found on Lord Howe Island post rodent eradication, new invaders or remnant survivors?",https://doi.org/10.3897/neobiota.105.163728,NeoBiota,2026-01-06
1176,"Comparative study on the egg parasitoids of Erthesina fullo (Thunberg, 1783) (Hemiptera, Pentatomidae) in its native and invaded ranges",https://doi.org/10.3897/neobiota.108.193683,NeoBiota,2026-07-21
1177,"Assessing invasion risk of two North American Saperda species (Coleoptera, Cerambycidae) in Europe using joint bioclimatic-habitat species distribution models and maritime-inland connectivity",https://doi.org/10.3897/neobiota.109.192296,NeoBiota,2026-09-17
1178,"Hormonal regulation of androgen, estrogen receptor-α, and progesterone receptor expression in the adult male rabbit brain",https://doi.org/10.1016/j.yhbeh.2026.105903,Hormones and Behavior,2026-02-25
1179,Cellular mechanisms regulating the timing of organizational effects of sex steroid hormones,https://doi.org/10.1016/j.yhbeh.2026.105923,Hormones and Behavior,2026-03-24
1180,Central liver-expressed antimicrobial peptide 2 induces anxiety- and depression-related behaviors and activates the hypothalamic-pituitary-adrenal axis in male mice,https://doi.org/10.1016/j.yhbeh.2026.105905,Hormones and Behavior,2026-02-25
1181,Regulating intense fear: Does cognitive reappraisal attenuate physiological and subjective fear responses in an immersive VR environment?,https://doi.org/10.1016/j.yhbeh.2026.105978,Hormones and Behavior,2026-07-16
1182,"Maternal androgens shape vocal begging patterns in meerkats, providing competitive advantages in dominant matrilines",https://doi.org/10.1016/j.yhbeh.2026.105922,Hormones and Behavior,2026-03-25
1183,Prepubertal ovariectomy alters dorsomedial striatum indirect pathway neuron excitability and explore/exploit balance in female mice,https://doi.org/10.1016/j.yhbeh.2026.105995,Hormones and Behavior,2026-09-25
1184,Aromatase inhibition in adolescence impairs sexual performance in adulthood without affecting anxiety-like behaviour in male rats,https://doi.org/10.1016/j.yhbeh.2026.105939,Hormones and Behavior,2026-05-04
1185,Prosocial support in adolescence regulates behavior and corticosterone responses following early life adversity in male rats,https://doi.org/10.1016/j.yhbeh.2026.105902,Hormones and Behavior,2026-02-26
1186,Pregnancy's lasting imprint: Late pregnancy allopregnanolone alters rat fear recall and medial prefrontal cortex activity,https://doi.org/10.1016/j.yhbeh.2026.105882,Hormones and Behavior,2026-01-12
1187,FKBP5 expression is related to risky foraging in house sparrows,https://doi.org/10.1016/j.yhbeh.2026.105883,Hormones and Behavior,2026-01-09
1188,Aging leads to altered physiological reactivity in response to repeated social separation stress in a nonhuman primate model,https://doi.org/10.1016/j.yhbeh.2026.105933,Hormones and Behavior,2026-04-13
1189,Day and night variation of plasma melatonin and glucocorticoids in a subterranean rodent endemic to north-west Argentina in two seasons,https://doi.org/10.1016/j.yhbeh.2026.105980,Hormones and Behavior,2026-08-01
1190,Demasculinized digit ratios in a sample of boys with childhood autism,https://doi.org/10.1016/j.yhbeh.2026.105950,Hormones and Behavior,2026-05-25
1191,Sex change in clownfish as an ARCH-governed biological decision,https://doi.org/10.1016/j.yhbeh.2026.105907,Hormones and Behavior,2026-03-04
1192,Dynamic rebalancing of approach and withdrawal motivations underpins the decline of rat maternal behavior: A behavioral analysis of dam-pup interactions,https://doi.org/10.1016/j.yhbeh.2026.105938,Hormones and Behavior,2026-05-01
1193,Evaluation of drones as a tool for multi‐species nest surveys on linear rights‐of‐way,https://doi.org/10.1002/wsb.70018,Wildlife Society Bulletin,2026-01-07
1194,Pittman‐Robertson and Dingell‐Johnson: A Congressional endorsement of state supremacy over wildlife?,https://doi.org/10.1002/wsb.70033,Wildlife Society Bulletin,2026-06-01
1195,"Modernizing environmental data management for ecological research, management, and conservation at regional scales",https://doi.org/10.1002/wsb.70046,Wildlife Society Bulletin,2026-08-02
1196,Lures do not increase box‐trapping success of an endangered felid in South Texas,https://doi.org/10.1002/wsb.70025,Wildlife Society Bulletin,2026-03-23
1197,Accuracy of wildlife observations identified by citizen scientists in Florida,https://doi.org/10.1002/wsb.70056,Wildlife Society Bulletin,2026-09-22
1198,Field evaluation of condensed quebracho tannins (CQT) as a white‐tailed deer repellent for soybeans,https://doi.org/10.1002/wsb.70029,Wildlife Society Bulletin,2026-05-17
1199,Abundance estimates of eastern black rails in southeastern Colorado,https://doi.org/10.1002/wsb.70021,Wildlife Society Bulletin,2026-01-16
1200,Effects of forest treatments on nutritional carrying capacity for white‐tailed deer in mid‐rotation loblolly pine stands,https://doi.org/10.1002/wsb.70048,Wildlife Society Bulletin,2026-09-22
1201,Rapid scavenging of avian carcasses in the desert Southwest: Implications for mortality surveys not associated with infrastructure,https://doi.org/10.1002/wsb.70026,Wildlife Society Bulletin,2026-04-06
1202,"Sherman traps, bucket cameras, eDNA—oh, my: A comparative study of small mammal monitoring methods",https://doi.org/10.1002/wsb.70041,Wildlife Society Bulletin,2026-06-01
1203,Field evaluations of thermal optics and tracking tunnels for small mammal surveys at airports and grass dominated habitats,https://doi.org/10.1002/wsb.70032,Wildlife Society Bulletin,2026-08-05
1204,Spatiotemporal mapping the usable space of free‐roaming equids across the western United States,https://doi.org/10.1002/wsb.70015,Wildlife Society Bulletin,2026-03-23
1205,Beyond discrete visibility estimates: single‐scan LiDAR provides an efficient method for 3D viewshed estimation,https://doi.org/10.1002/wsb.70014,Wildlife Society Bulletin,2026-03-01
1206,"Comparative evaluation of funnel, box, and camera traps for reptile and amphibian inventory",https://doi.org/10.1002/wsb.70042,Wildlife Society Bulletin,2026-07-06
1207,Wild pigs ( Sus scrofa ) prefer inoculated peanuts over whole‐kernel corn in cafeteria‐style study,https://doi.org/10.1002/wsb.70047,Wildlife Society Bulletin,2026-08-03
1208,"Climatic, ecological, and anthropogenic drivers of mammal diversity in arid and semi-arid regions of China",https://doi.org/10.21425/fob.19.187583,Frontiers of Biogeography,2026-07-27
1209,Community diversity of marine fishes in complete and habitat islands,https://doi.org/10.21425/fob.19.141935,Frontiers of Biogeography,2026-08-10
1210,Biogeography of tropical dry forest soils,https://doi.org/10.21425/fob.19.182141,Frontiers of Biogeography,2026-07-02
1211,Body mass–abundance relationships reveal uneven global energy distribution across body size classes in vertebrates,https://doi.org/10.21425/fob.19.164408,Frontiers of Biogeography,2026-03-04
1212,"Diverging responses of taxonomic, functional, and phylogenetic plant diversity to biogeographic parameters in arid habitat islands of southern Africa",https://doi.org/10.21425/fob.19.167957,Frontiers of Biogeography,2026-02-18
1213,Recent introduction or evidence for a northern dispersal corridor between East and Central Asia? The case of Radix plicatula,https://doi.org/10.21425/fob.19.194218,Frontiers of Biogeography,2026-08-14
1214,"Hypothesis-driven biogeography to estimate rates and dates when fossil evidence is scarce: a case study using an ancient, Holarctic genus of spider (Araneae, Antrodiaetidae, Antrodiaetus)",https://doi.org/10.21425/fob.19.182722,Frontiers of Biogeography,2026-09-04
1215,A code of conduct for environmental and biodiversity scientists,https://doi.org/10.21425/fob.19.199542,Frontiers of Biogeography,2026-07-06
1216,The role of the climate niche in repeated abrupt tree declines and ecotone dynamics in the Appalachian Mountains during the Holocene,https://doi.org/10.21425/fob.19.150642,Frontiers of Biogeography,2026-02-18
1217,On the identification of areas of endemism in the Neotropical montane cloud forests: A comparative review,https://doi.org/10.21425/fob.19.174469,Frontiers of Biogeography,2026-04-14
1218,"Revealing hidden patterns in the potential distribution of Leposternon polystegum (Duméril, 1851) (Amphisbaenia, Amphisbaenidae) using fuzzy logic modeling",https://doi.org/10.21425/fob.19.179470,Frontiers of Biogeography,2026-06-11
1219,Dynamic dispersal histories: evidence for active colonization in Kapokapowai (Uropetala) dragonflies in Aotearoa New Zealand,https://doi.org/10.21425/fob.19.189098,Frontiers of Biogeography,2026-05-14
1220,Biogeographic origins of the disjunct distribution of the chacoan Neotropical frog Pleurodema guayapae,https://doi.org/10.21425/fob.19.208301,Frontiers of Biogeography,2026-09-24
1221,Climate change strengthens the case for a high seas fishing ban,https://doi.org/10.21425/fob.19.183549,Frontiers of Biogeography,2026-06-19
1222,"Biogeographical patterns of the genus Plectostoma H. Adams, 1865 (Mollusca, Gastropoda) in Sundaland’s limestone ecosystems",https://doi.org/10.21425/fob.19.155940,Frontiers of Biogeography,2026-03-09
1223,"Phylogenetic reconstruction and taxonomy of Retinella land snails: congruence and conflicts across morphological, mitochondrial, and nuclear datasets",https://doi.org/10.1093/zoolinnean/zlag151,Zoological Journal of the Linnean Society,2026-08-21
1224,Sea snake (Serpentes: Elapidae: Hydrophiinae) diversity and distribution in Indian waters: bycatch impacts and cryptic lineages,https://doi.org/10.1093/zoolinnean/zlag128,Zoological Journal of the Linnean Society,2026-07-16
1225,Breaking the cycle of taxonomic uncertainties: new molecular species of mermithids (Nematoda: Mermithidae) infecting European black flies (Diptera: Simuliidae),https://doi.org/10.1093/zoolinnean/zlag129,Zoological Journal of the Linnean Society,2026-07-11
1226,"Distribution, temperature, and trophic position as ecological drivers of body morphological divergence in cephalopods",https://doi.org/10.1093/zoolinnean/zlag027,Zoological Journal of the Linnean Society,2026-01-20
1227,A fractured homecoming: Fractonotus reinstated in Calohypsibiidae (Eutardigrada: Hypsibioidea),https://doi.org/10.1093/zoolinnean/zlag106,Zoological Journal of the Linnean Society,2026-05-19
1228,"Systematics, multi-gene phylogeny, reassignment, and redefinition of the family Hemicycliostylidae with a rod-shaped structure in the pharynx (Protista: Ciliophora)",https://doi.org/10.1093/zoolinnean/zlag134,Zoological Journal of the Linnean Society,2026-07-13
1229,Distribution patterns of limno-terrestrial and freshwater tardigrades in the Neotropics: a multistrategic approach using Parsimony Analysis of Endemicity (PAE) and Endemicity Analysis (EA),https://doi.org/10.1093/zoolinnean/zlag090,Zoological Journal of the Linnean Society,2026-05-01
1230,"Novel findings on two loricate hypotrichous ciliates (Protista: Ciliophora): integrating morphology, morphogenesis, ecology, and phylogeny, with description of a new species",https://doi.org/10.1093/zoolinnean/zlag116,Zoological Journal of the Linnean Society,2026-06-04
1231,A big tree of a tiny bear: first extensive multilocus phylogeny of the genus Minibiotus (Eutardigrada: Macrobiotidae),https://doi.org/10.1093/zoolinnean/zlag072,Zoological Journal of the Linnean Society,2026-04-08
1232,Cystopeltidae redefined: integrative taxonomy of the Australian endemic slug Cystopelta with the description of 11 new species and subspecies (Punctoidea: Stylommatophora),https://doi.org/10.1093/zoolinnean/zlag067,Zoological Journal of the Linnean Society,2026-03-27
1233,Comparative analysis of plasma steroid hormone levels reveals lower concentrations in Afrotropical than European temperate zone passerines,https://doi.org/10.1093/zoolinnean/zlag038,Zoological Journal of the Linnean Society,2026-02-17
1234,Hidden diversity and phylogenetic relationships in the family Mycetaeidae (Coleoptera: Coccinelloidea) revealed by analysis of morphological and molecular data,https://doi.org/10.1093/zoolinnean/zlag037,Zoological Journal of the Linnean Society,2026-02-11
1235,"Genetic, morphological, and bioacoustic assessments of species limits in the greater African roundleaf bats, Macronycteris (Hipposideridae)",https://doi.org/10.1093/zoolinnean/zlag124,Zoological Journal of the Linnean Society,2026-06-16
1236,"A 2D geometric morphometric analysis of the occlusal enamel patterns of eastern Beringian equid cheek teeth, with taxonomic implications",https://doi.org/10.1093/zoolinnean/zlag004,Zoological Journal of the Linnean Society,2026-01-07
1237,A guided protocol for phenotypic analyses in integrative taxonomy: application to Diplolaemus (Iguania: Leiosauridae) and the description of new species,https://doi.org/10.1093/zoolinnean/zlag064,Zoological Journal of the Linnean Society,2026-03-25
1238,"Ethanolic Extracts of Chamomile ( Anthemis odontostephana ), Tumble Thistle ( Gundelia tournefortii ) and Peanut Shell as Bioherbicides Against Common Chicory ( Cichorium intybus ) in Chickpea",https://doi.org/10.1111/wre.70088,Weed Research,2026-04-29
1239,Microstructural and Functional Trait Variation Drives Infestation Success of Common Bindweed ( Convolvulus arvensis L.) in Diverse Crop Systems,https://doi.org/10.1111/wre.70092,Weed Research,2026-05-01
1240,Projected Range Shifts of Emerging Agricultural Weeds Under Climate Change in Central Europe,https://doi.org/10.1111/wre.70098,Weed Research,2026-05-01
1241,Strip Crops and Intercrops Outperform Crop Rotations for Weed Management Under Conservation Agriculture in Zimbabwe,https://doi.org/10.1111/wre.70061,Weed Research,2026-01-01
1242,Impact of Panicle Cutting and Chaff Milling on the Panicle and Seed Density of Three Grass Weeds and Grain Yield of Winter Wheat,https://doi.org/10.1111/wre.70045,Weed Research,2026-01-01
1243,Performance of Sprayable Liquid Mulches Based on Industrial By‐Products for Weed Control in Tree Nurseries,https://doi.org/10.1111/wre.70107,Weed Research,2026-07-01
1244,"The Biology, Ecology, Distribution and Management of Two Globally Invasive Weeds: Calotropis procera (Calotrope) and Calotropis gigantea (Giant Calotrope)",https://doi.org/10.1111/wre.70093,Weed Research,2026-05-01
1245,Utilization of Plant Secondary Metabolites for the Development of Bioherbicides Targeting Sorghum halepense,https://doi.org/10.1111/wre.70112,Weed Research,2026-09-01
1246,Low Risk of Indirect Crop Damage From Low‐Energy Electric Weeding of White Goosefoot ( Chenopodium album ) and White Mustard ( Sinapis alba ),https://doi.org/10.1111/wre.70083,Weed Research,2026-03-01
1247,"Evaluating Alternative Herbicide Strategies for Effective Control of Navua Sedge ( Cyperus aromaticus ) in Queensland’s Wet Tropics, Australia",https://doi.org/10.1111/wre.70043,Weed Research,2026-01-01
1248,Divergent Target‐Site Substitutions at Pro197 Confer Variable Degrees of Resistance to Tribenuron‐Methyl and Florasulam in Tripleurospermum inodorum Populations Across Europe,https://doi.org/10.1111/wre.70062,Weed Research,2026-01-01
1249,Comparison of Web‐Based Image Identification Platforms and DNA Barcoding for Identification of Mature Weed Plants,https://doi.org/10.1111/wre.70082,Weed Research,2026-03-01
1250,Spatial Distribution and Bioprospecting of Phytopathogenic Fungi on Amaranthus for Biological Control in Brazil,https://doi.org/10.1111/wre.70110,Weed Research,2026-09-01
1251,Seasonal and Species‐Specific Variation in Weed Seed Predation Across No‐Till and Conventional Tillage Systems,https://doi.org/10.1111/wre.70084,Weed Research,2026-03-01
1252,Effect of Potential Allelochemicals From Shade Trees on Cocoa Seedlings' Performance,https://doi.org/10.1111/wre.70054,Weed Research,2026-01-01
1253,Annual survival and resource selection of juvenile male wild turkeys in central Tennessee,https://doi.org/10.1002/jwmg.70255,Journal of Wildlife Management,2026-07-27
1254,"Population dynamics, survival, and movements of Texas tortoises in a national park in southern Texas",https://doi.org/10.1002/jwmg.70197,Journal of Wildlife Management,2026-03-26
1255,Potential conservation consequences of public misidentification of wildlife in an urban residential community,https://doi.org/10.1002/jwmg.70261,Journal of Wildlife Management,2026-08-03
1256,Using gopher tortoise monitoring data to inform habitat restoration and translocations,https://doi.org/10.1002/jwmg.70221,Journal of Wildlife Management,2026-05-07
1257,Indirect effects of fast‐growing urban development on wildlife in a coastal protected area of Costa Rica,https://doi.org/10.1002/jwmg.70174,Journal of Wildlife Management,2026-02-09
1258,Behavioral responses of black bears to human presence and infrastructure in Yosemite National Park,https://doi.org/10.1002/jwmg.70229,Journal of Wildlife Management,2026-06-19
1259,Wildlife and brucellosis: Integrating conservation efforts with zoonotic disease management in Haixi Prefecture,https://doi.org/10.1002/jwmg.70224,Journal of Wildlife Management,2026-05-14
1260,Modeling and predicting Mexican spotted owl occurrence in southcentral Colorado using passive acoustic monitoring,https://doi.org/10.1002/jwmg.70231,Journal of Wildlife Management,2026-06-19
1261,Disrupting the herd: Recreational boating alters group dispersion within beluga whale herds,https://doi.org/10.1002/jwmg.70239,Journal of Wildlife Management,2026-06-19
1262,Effects of oiling common raven nests on ravens and greater sage‐grouse in sagebrush ecosystems,https://doi.org/10.1002/jwmg.70247,Journal of Wildlife Management,2026-08-05
1263,Harvest increase and culling as tools for managing chronic wasting disease in white‐tailed deer,https://doi.org/10.1002/jwmg.70211,Journal of Wildlife Management,2026-04-29
1264,"Little penguins select more isolated nest boxes for breeding, but lay date influences breeding success",https://doi.org/10.1002/jwmg.70230,Journal of Wildlife Management,2026-06-09
1265,Effectiveness of black bear translocation as a conflict management tool,https://doi.org/10.1002/jwmg.70179,Journal of Wildlife Management,2026-03-26
1266,Landscape drivers of scaled quail occurrence across a broad spatiotemporal scale: implications for habitat management,https://doi.org/10.1002/jwmg.70285,Journal of Wildlife Management,2026-09-25
1267,Environmental factors influencing detection of ring‐necked pheasant broods during August roadside surveys,https://doi.org/10.1002/jwmg.70180,Journal of Wildlife Management,2026-02-18
1268,Climatic niche divergence in the diversification of long-haired mice of the subgenus Abrothrix (Cricetidae: Abrotrichini),https://doi.org/10.1007/s13127-026-00713-5,Organisms Diversity & Evolution,2026-09-17
1269,"Molecular phylogeny of Mesonauta Günther, 1862 (Cichliformes: Cichlidae)",https://doi.org/10.1007/s13127-026-00708-2,Organisms Diversity & Evolution,2026-08-27
1270,"Ecomorphological disparity in closely related mountainous tropical Thai rove beetles (Coleoptera, Staphylinidae, Steninae): linking morphology, ecology, and evolution",https://doi.org/10.1007/s13127-026-00696-3,Organisms Diversity & Evolution,2026-05-13
1271,"Integrative analysis of Minibiotus jonesorum Meyer et al., 2011 (Eutardigrada: Macrobiotidae) exposes intraspecific variability in microplacoid development",https://doi.org/10.1007/s13127-025-00692-z,Organisms Diversity & Evolution,2026-06-11
1272,Species diversity and taxonomy of Dakuidae (Acoela),https://doi.org/10.1007/s13127-026-00706-4,Organisms Diversity & Evolution,2026-08-19
1273,"Myoanatomy of Paracentrophyes quadridentatus (Neocentrophyidae, Kinorhyncha) and evolution of major muscle groups across kinorhynchs",https://doi.org/10.1007/s13127-026-00703-7,Organisms Diversity & Evolution,2026-06-19
1274,Historical hybridization and asymmetric introgression in two sympatric species of Paepalanthus (Eriocaulaceae),https://doi.org/10.1007/s13127-026-00711-7,Organisms Diversity & Evolution,2026-09-11
1275,"Integrative taxonomy of the Eurytemora velox (Copepoda, Calanoida) species complex reveals a new cryptic species",https://doi.org/10.1007/s13127-026-00710-8,Organisms Diversity & Evolution,2026-08-20
1276,Tracing the origins of Mediterranean steppe flora: phylogenetics and biogeography of Iberian Astragalus sect. Platyglottis,https://doi.org/10.1007/s13127-026-00701-9,Organisms Diversity & Evolution,2026-05-06
1277,"Slow, though anything but a runt: Gymnodinium undulatum Wołosz. is a cheerful species of Borghiella (Borghiellaceae, Phytodiniales)",https://doi.org/10.1007/s13127-025-00689-8,Organisms Diversity & Evolution,2026-01-08
1278,Cryptic speciation and latitudinal genetic differentiation in sipunculan-commensal bivalves with exceptionally large larval shells: the Planktomya amamiensis species complex (Galeommatidae),https://doi.org/10.1007/s13127-026-00704-6,Organisms Diversity & Evolution,2026-09-09
1279,So similar and yet so different. A new species of the genus Socarnopsis (Amphipoda: Lysianassidae) from the coral belt of Mayotte (Indian Ocean),https://doi.org/10.1007/s13127-026-00712-6,Organisms Diversity & Evolution,2026-09-14
1280,"New insights into the evolution of Charlie Chaplin worms (Histriobdellidae, Eunicida, Annelida)",https://doi.org/10.1007/s13127-026-00705-5,Organisms Diversity & Evolution,2026-08-17
1281,Measuring morphological disparity in fish body shape using geometric morphometrics: Gerreidae as a case study,https://doi.org/10.1007/s13127-026-00695-4,Organisms Diversity & Evolution,2026-03-11
1282,Exploring topological landscapes in morphological phylogenetics using clustering and medoid selection: case studies from Chilean fossil taxa,https://doi.org/10.1007/s13127-026-00702-8,Organisms Diversity & Evolution,2026-06-25
1283,Abundance and occupancy trends of sooty grouse in western Oregon: determining best modeling practices by comparing observed and simulated data,https://doi.org/10.1002/wlb3.01534,Wildlife Biology,2026-04-16
1284,"Biology, ecology, and conservation of the Italian hare Lepus corsicanus: a review",https://doi.org/10.1002/wlb3.01750,Wildlife Biology,2026-09-25
1285,Evaluation of factors affecting greater prairie‐chicken nest and brood survival,https://doi.org/10.1002/wlb3.01736,Wildlife Biology,2026-09-03
1286,Hunting and fishing harvest data collection: a horizon scanning exercise from the French context,https://doi.org/10.1002/wlb3.01485,Wildlife Biology,2026-01-22
1287,Interannual dynamic resource selection patterns of the northern bobwhite in a region with poor edaphic conditions,https://doi.org/10.1002/wlb3.01681,Wildlife Biology,2026-06-23
1288,Both forest cover and land management practices explain variation in recovering pine marten densities,https://doi.org/10.1002/wlb3.01594,Wildlife Biology,2026-02-17
1289,Factors influencing wintering turfgrass field use in Atlantic brant,https://doi.org/10.1002/wlb3.01650,Wildlife Biology,2026-09-14
1290,"Cortisol concentrations in hair are biomarkers of health status and seasonal change, but not urbanisation, in wolves",https://doi.org/10.1002/wlb3.01659,Wildlife Biology,2026-08-20
1291,The effects of moose and pine density on browsing damage in Swedish pine forests,https://doi.org/10.1002/wlb3.01614,Wildlife Biology,2026-03-07
1292,How many shots are enough? Optimizing precision measurements when testing lead‐free ammunition,https://doi.org/10.1002/wlb3.01688,Wildlife Biology,2026-05-07
1293,Shifting attitudes toward brown bears in Bulgaria: a longitudinal and regional analysis,https://doi.org/10.1002/wlb3.01617,Wildlife Biology,2026-05-14
1294,Continuous field assessments and data sharing to rationalize the IUCN's impact in mammal conservation: a case study of Rwanda,https://doi.org/10.1002/wlb3.01598,Wildlife Biology,2026-07-20
1295,Camera trap distance sampling for density estimation of tiger prey in a Sumatran ecosystem restoration concession,https://doi.org/10.1002/wlb3.01643,Wildlife Biology,2026-05-12
1296,Behavioral response of moose Alces alces to summer heat stress,https://doi.org/10.1002/wlb3.01667,Wildlife Biology,2026-09-03
1297,Delineating seasonal shifts in reindeer habitat and diet selection by integrating GPS telemetry and stable isotope analysis,https://doi.org/10.1002/wlb3.01570,Wildlife Biology,2026-02-02
1298,"Identification of distinctive new rainforest communities in the Greater Blue Mountains World Heritage Area, Australia",https://doi.org/10.3897/vcs.186732,Vegetation Classification and Survey,2026-08-14
1299,Numerical classification of Mediterranean riverine vegetation associated with Carex panormitana (Cyperaceae),https://doi.org/10.3897/vcs.196138,Vegetation Classification and Survey,2026-09-23
1300,"Diversity of vegetation and key to the plant communities of the island of Lemnos (North Aegean, Greece)",https://doi.org/10.3897/vcs.171362,Vegetation Classification and Survey,2026-03-24
1301,TDV-optimization exemplified: Application to coastal cliff vegetation in Cabo Verde,https://doi.org/10.3897/vcs.173501,Vegetation Classification and Survey,2026-05-20
1302,Broom-dominated shrublands of Sicily: revisiting the syntaxonomy of the Cytisetea scopario-striati at the south-eastern margin of their range,https://doi.org/10.3897/vcs.183815,Vegetation Classification and Survey,2026-09-15
1303,Nomenclatural and syntaxonomic note regarding the anteriority between the publications of the year 1926 by J. Braun-Blanquet and A. Luquet,https://doi.org/10.3897/vcs.171300,Vegetation Classification and Survey,2026-05-20
1304,Translation of the Braun-Blanquet scale to percent in TURBOVEG can bias diversity metrics,https://doi.org/10.3897/vcs.198373,Vegetation Classification and Survey,2026-08-10
1305,A quantitative classification of chorotypes for the Socotra Archipelago’s non-endemic plants,https://doi.org/10.3897/vcs.176349,Vegetation Classification and Survey,2026-05-20
1306,FIT for purpose? Sampling Bees in Flowering Canopies with Flight Interception Traps (FITs),https://doi.org/10.26786/1920-7603(2026)877,Journal of Pollination Ecology,2026-01-18
1307,"Reproductive system, floral biology and pollinators of Abutilon grandifolium in urban green spaces of Ciudad Autónoma de Buenos Aires.",https://doi.org/10.26786/1920-7603(2026)914,Journal of Pollination Ecology,2026-05-29
1308,Management matters: Bee communities in open and degenerate heathlands in Nordhordland UNESCO Biosphere Reserve,https://doi.org/10.26786/1920-7603(2026)860,Journal of Pollination Ecology,2026-05-18
1309,Reproductive ecology of the aromatic plant Agastache mexicana (Lamiaceae): A valuable species to be used in urban pollinator gardens,https://doi.org/10.26786/1920-7603(2026)909,Journal of Pollination Ecology,2026-06-27
1310,Testing the efficacy of artificial flowers as a novel attractant for automated pollinator monitoring,https://doi.org/10.26786/1920-7603(2026)893,Journal of Pollination Ecology,2026-06-29
1311,Curation and standardisation of plant–pollinator interaction data under FAIR principles: experience from Pampean agroecosystems,https://doi.org/10.26786/1920-7603(2026)873,Journal of Pollination Ecology,2026-01-21
1312,Utilizing natural history collections and data mining to assess flower associations and phenology of North American bees in the genus Andrena (Hymenoptera: Andrenidae) subgenus Plastandrena,https://doi.org/10.26786/1920-7603(2026)899,Journal of Pollination Ecology,2026-03-05
1313,Pollination success in apples is dependent upon wild bees and orchard design,https://doi.org/10.26786/1920-7603(2026)878,Journal of Pollination Ecology,2026-02-18
1314,Improved method for measuring pollen deposition by nectar-feeding bats: a case study using Nicotiana otophora Griseb. (Solanaceae),https://doi.org/10.26786/1920-7603(2026)927,Journal of Pollination Ecology,2026-07-20
1315,Disentangling effects of flower symmetry and orientation on pollination,https://doi.org/10.26786/1920-7603(2026)870,Journal of Pollination Ecology,2026-02-18
1316,Effect of honey bees (Apis mellifera) and wild insect pollination on rapeseed (Brassica napus) yield in the Argentine Pampas,https://doi.org/10.26786/1920-7603(2026)856,Journal of Pollination Ecology,2026-02-18
1317,Information as an ecological driver: Availability and accessibility of pollinator management knowledge for specialty crop systems in the U.S. Midwest,https://doi.org/10.26786/1920-7603(2026)910,Journal of Pollination Ecology,2026-07-31
1318,Endemic Castilleja grisea support diverse floral-visitor assemblages with implications for promoting local plant communities,https://doi.org/10.26786/1920-7603(2026)891,Journal of Pollination Ecology,2026-02-10
1319,Assessment of pollination ecology of two understudied native mustards and the potential for interference from invasive garlic mustard,https://doi.org/10.26786/1920-7603(2026)895,Journal of Pollination Ecology,2026-03-03
1320,Commonness and rarity of pollinators: species abundance and diversity in a hyperdiverse Mediterranean assemblage,https://doi.org/10.26786/1920-7603(2026)931,Journal of Pollination Ecology,2026-09-11
1321,"The dragonfly (Odonata) community structure at Sukamade Resort, Meru Betiri National Park, Indonesia",https://doi.org/10.11609/jott.9574.18.4.28631-28643,Journal of Threatened Taxa,2026-04-26
1322,"New record of two natricine snakes, (Wall, 1925) and Nguyen et al., 2024 (Reptilia: Squamata: Colubridae), from India",https://doi.org/10.11609/jott.10309.18.3.28479-28494,Journal of Threatened Taxa,2026-03-26
1323,"Record of the crambid moth Aethaloessa calidalis (Guenée, 1854) (Lepidoptera: Crambidae: Spilomelinae) from Chhattisgarh, India",https://doi.org/10.11609/jott.10282.18.7.29331-29335,Journal of Threatened Taxa,2026-07-26
1324,"Metabarcoding-based diet characterization of the Kolar Roundleaf Bat Hipposideros hypophyllus Kock & Bhat, 1994 (Chiroptera: Hipposideridae) and its peninsular Indian congeners",https://doi.org/10.11609/jott.10450.18.7.29196-29211,Journal of Threatened Taxa,2026-07-26
1325,"Abundance, habitat preference, and ethnobiological assessment of the invasive Golden Apple Snail Pomacea canaliculata (Lamarck, 1822) in selected rice fields in Lanao del Sur, Philippines",https://doi.org/10.11609/jott.9923.18.7.29287-29301,Journal of Threatened Taxa,2026-07-26
1326,"Predicting the potential habitat of (Jerdon, 1870) (Aves: Galliformes: Phasianidae) in Mehao Wildlife Sanctuary of Arunachal Pradesh, India",https://doi.org/10.11609/jott.9958.18.3.28455-28467,Journal of Threatened Taxa,2026-03-26
1327,"Sighting of Sooty Gull from the salt pans of Nagapattinam Coast, Tamil Nadu, India",https://doi.org/10.11609/jott.10187.18.1.28255-28258,Journal of Threatened Taxa,2026-01-26
1328,Diversity and distribution of climbers of Uttar Pradesh: a preliminary review,https://doi.org/10.11609/jott.9596.18.4.28703-28718,Journal of Threatened Taxa,2026-04-26
1329,"Fish diversity and conservation status across habitat guilds in the river Rupnarayan, West Bengal, India",https://doi.org/10.11609/jott.10279.18.8.29447-29458,Journal of Threatened Taxa,2026-08-26
1330,"Record of (Cramer, [1777]) (Lepidoptera: Nymphalidae) in Delhi, India: evidence of range extension in a restored urban ecosystem",https://doi.org/10.11609/jott.9826.18.2.28430-28432,Journal of Threatened Taxa,2026-02-26
1331,"A preliminary checklist and seasonal diversity of wetland-associated birds in Bajali District, Assam, India",https://doi.org/10.11609/jott.10447.18.8.29430-29446,Journal of Threatened Taxa,2026-08-26
1332,"Assessing avifaunal diversity and anthropogenic impacts on Ladhwaya Pond, Gwalior, India",https://doi.org/10.11609/jott.9922.18.4.28673-28680,Journal of Threatened Taxa,2026-04-26
1333,"Vulture diversity and long-term trends in the Ranikhet region, Kumaon Himalaya, Uttarakhand, India",https://doi.org/10.11609/jott.9843.18.2.28370-28377,Journal of Threatened Taxa,2026-02-26
1334,"Dietary assessment of tadpoles of selected rhacophorid frogs (Polypedates, Rhacophorus, Zhangixalus) (Amphibia: Anura: Rhacophoridae) of Kangchup, Manipur, India",https://doi.org/10.11609/jott.9930.18.5.28830-28837,Journal of Threatened Taxa,2026-05-26
1335,"Population status and habitat use of Indian Grey Wolf in Pench Tiger Reserve, Madhya Pradesh, India",https://doi.org/10.11609/jott.10059.18.2.28399-28405,Journal of Threatened Taxa,2026-02-26
1336,Extending the Vertically Reflected Exponentiated Hyperbolic Tangent Detection Function for Grouped Line‐Transect Data,https://doi.org/10.1002/1438-390x.70029,Population Ecology,2026-08-28
1337,The Endangered Fern Mankyua Chejuense Exhibits Enhanced Genetic Diversity and Population Size in Basaltic Vernal Pools With Greater Light Availability,https://doi.org/10.1002/1438-390x.70017,Population Ecology,2026-01-30
1338,Demographic Responses to Experimental Manipulation of an Enclosed Population of Invasive Brown Treesnakes ( Boiga irregularis ),https://doi.org/10.1002/1438-390x.70025,Population Ecology,2026-05-26
1339,"Diet of Breeding Eurasian Sparrowhawks ( Accipiter nisus ) in Relation to Land Cover, Food Supply, and Prey Species Characteristics in Central Europe",https://doi.org/10.1002/1438-390x.70021,Population Ecology,2026-03-10
1340,A Cautionary Note Regarding the Consequences of Balancing for Fair Comparisons in Population Ecology,https://doi.org/10.1002/1438-390x.70016,Population Ecology,2026-02-09
1341,"Navigating Urban Bear Management: An Overview of Recent Trends, Challenges, and Solutions in Hokkaido Brown Bear Management",https://doi.org/10.1002/1438-390x.70013,Population Ecology,2026-01-01
1342,After the Cut: Sizes and Stability of Populations Decline After Disconnecting Experimental Habitat Networks,https://doi.org/10.1002/1438-390x.70026,Population Ecology,2026-06-30
1343,Drivers of Raptor Community Structure in India: An Integrated Functional and Spatial Approach,https://doi.org/10.1002/1438-390x.70019,Population Ecology,2026-02-11
1344,Mechanistic‐Statistical Inference of Mosquito Dynamics From Mark‐Release‐Recapture Data,https://doi.org/10.1002/1438-390x.70028,Population Ecology,2026-07-01
1345,Misuse of AIC as a Substitute for Statistical Tests in Generalized Linear Models,https://doi.org/10.1002/1438-390x.70027,Population Ecology,2026-07-01
1346,"Estimation of the Number of Nuisance Bears in the Oshima Peninsula, Hokkaido",https://doi.org/10.1002/1438-390x.70020,Population Ecology,2026-03-03
1347,Effects of Insect Herbivores With Different Feeding Modes on the Exotic Plant Solidago altissima : Changes in Induced Responses and Resource Allocation,https://doi.org/10.1002/1438-390x.70022,Population Ecology,2026-04-27
1348,Population Ecology 2026 Editorial,https://doi.org/10.1002/1438-390x.70015,Population Ecology,2026-01-30
1349,Full Issue PDF,https://doi.org/10.1094/pbiomes-10-3,Phytobiomes Journal,2026-09-01
1350,Engineering the Citrus Phyllosphere Microbiome for Enhanced Disease Resistance to Bacterial Canker,https://doi.org/10.1094/pbiomes-11-25-0088-r,Phytobiomes Journal,2026-01-15
1351,Crop-Specific and Amendment-Dependent Impacts of Organic Contaminants of Concern on Plant Performance and Bacterial Microbiomes,https://doi.org/10.1094/pbiomes-01-26-0006-r,Phytobiomes Journal,2026-07-13
1352,Full Issue PDF,https://doi.org/10.1094/pbiomes-10-2,Phytobiomes Journal,2026-04-01
1353,Groundcovers Alter Vineyard Soil Microbiomes Within and Beyond Their Rooting Zones,https://doi.org/10.1094/pbiomes-11-25-0087-sc,Phytobiomes Journal,2026-01-26
1354,Effects of Drought Stress on the Panicum hallii Microbiome over a Growth Cycle,https://doi.org/10.1094/pbiomes-01-26-0003-r,Phytobiomes Journal,2026-06-18
1355,Bacterial Inhibitors of the Fungal Phytopathogen Sclerotinia sclerotiorum Isolated from Rhizosphere Soils of Resistant Sunflower Genotypes,https://doi.org/10.1094/pbiomes-08-25-0058-r,Phytobiomes Journal,2026-04-23
1356,"Interaction of Environment and Vineyard Management Effects Shape Microbial Functionality, Terroir , and Grape Qualities",https://doi.org/10.1094/pbiomes-09-25-0080-r,Phytobiomes Journal,2026-03-01
1357,Distinct Primary Versus Lateral Root-Associated Bacterial and Fungal Communities Are Masked by Composite Root Sampling,https://doi.org/10.1094/pbiomes-11-25-0089-r,Phytobiomes Journal,2026-06-07
1358,Novel and Diverse Mycoviruses in Hypovirulent Botrytis cinerea Isolates Infecting Raspberries and Strawberries,https://doi.org/10.1094/pbiomes-07-25-0057-r,Phytobiomes Journal,2026-07-01
1359,Phyllosphere Bacteria-Based Biocontrol Solution Against Botrytis cinerea and Plasmopara viticola in Grapevine,https://doi.org/10.1094/pbiomes-02-26-0011-r,Phytobiomes Journal,2026-04-30
1360,Harnessing Microbes for Crop Production: TS201 Enhances Maize Yield and Reduces Corn Rootworm Damage,https://doi.org/10.1094/pbiomes-09-25-0073-r,Phytobiomes Journal,2026-02-02
1361,Degradation of Organic Matter by Ecologically Distinct Microbiomes Uniformly Promotes Growth of Brachypodium distachyon,https://doi.org/10.1094/pbiomes-11-24-0112-r,Phytobiomes Journal,2026-01-26
1362,Full Issue PDF,https://doi.org/10.1094/pbiomes-10-1,Phytobiomes Journal,2026-03-01
1363,Mild Constitutive Immune Activation Promotes a Pathogen-Depleted Rhizosphere Microbiome in Maize,https://doi.org/10.1094/pbiomes-01-26-0001-r,Phytobiomes Journal,2026-07-27
1364,"Integrative assessment of genetic, landscape, and climatic data in Aspidosperma quebracho-blanco across the Argentinian Gran Chaco",https://doi.org/10.5091/plecevo.167496,Plant Ecology and Evolution,2026-09-08
1365,New species of Cladoceras and Rutidea (Rubiaceae) from Gabon and Equatorial Guinea,https://doi.org/10.5091/plecevo.176526,Plant Ecology and Evolution,2026-04-07
1366,"Arcytophyllum leymebambense (Rubiaceae: Spermacoceae), a new species with an isolated phylogenetic position and distinct morphology from northern Peru",https://doi.org/10.5091/plecevo.175775,Plant Ecology and Evolution,2026-04-21
1367,Relationship between the morphology of Crambe tataria and the functional groups of insects in northeastern Romania,https://doi.org/10.5091/plecevo.169013,Plant Ecology and Evolution,2026-04-30
1368,"Morphological and molecular evidence for a new endemic species of Triniochloa (Poaceae) from Jalisco, Mexico",https://doi.org/10.5091/plecevo.204621,Plant Ecology and Evolution,2026-09-29
1369,Does size matter? Pollination biology of Aristolochia sessilifolia (Aristolochiaceae),https://doi.org/10.5091/plecevo.163430,Plant Ecology and Evolution,2026-01-20
1370,Untangling the Nautilocalyx pallidus complex (Gesneriaceae) with description of a new species and a new combination,https://doi.org/10.5091/plecevo.183544,Plant Ecology and Evolution,2026-09-14
1371,Three new cryptic species of Begonia section Baryandra (Begoniaceae) from the Philippine archipelago supported by morphological and molecular evidence,https://doi.org/10.5091/plecevo.196693,Plant Ecology and Evolution,2026-08-27
1372,"Speciation in Linaria subsect. Versicolores (Plantaginaceae, Antirrhineae) across the edaphic islands and barriers of the Algarve (Portugal)",https://doi.org/10.5091/plecevo.195615,Plant Ecology and Evolution,2026-08-20
1373,"Rediscovery of Lysimachia peduncularis in China: amended description, complete plastid genome, and phylogenomic placement in subgenus Idiophyton (Primulaceae)",https://doi.org/10.5091/plecevo.176521,Plant Ecology and Evolution,2026-05-27
1374,"Hidden in plain sight: a new species of Habenaria (Orchidaceae) from the Espinhaço range in Minas Gerais, Brazil, plus an updated checklist of the genus from Grão Mogol",https://doi.org/10.5091/plecevo.165607,Plant Ecology and Evolution,2026-01-12
1375,Germination ecology of the critically endangered sainfoin Onobrychis conferta subsp. conferta and the rare O. caput-galli (Fabaceae),https://doi.org/10.5091/plecevo.183484,Plant Ecology and Evolution,2026-09-18
1376,An infrageneric classification of the genus Lejeunea (Marchantiophyta: Lejeuneaceae) using molecular phylogeny and morphology,https://doi.org/10.5091/plecevo.170279,Plant Ecology and Evolution,2026-02-25
1377,Assessing the extinction risk of Malagasy orchids to develop effective conservation approaches – a case study of the Itremo Massif Protected Area,https://doi.org/10.5091/plecevo.185223,Plant Ecology and Evolution,2026-05-13
1378,"Does size matter? The integrated roles of light, adaptive sex expression, and hybridization in a widespread Arisaema (Araceae) species from western Japan",https://doi.org/10.5091/plecevo.177783,Plant Ecology and Evolution,2026-04-10
1379,Preliminary study of impacts of a large roosting bird congregation on a pest exclusion fenced area of Rotopiko wetland ecosystem,https://doi.org/10.20417/nzjecol.50.3636,New Zealand Journal of Ecology,2026-05-26
1380,"Ecology and taxonomic identification of āwheto | vegetable caterpillar in Hawke’s Bay, Aotearoa | New Zealand",https://doi.org/10.20417/nzjecol.50.3625,New Zealand Journal of Ecology,2026-01-15
1381,Evaluation of a rat ultrasonic vocalisation as a novel audio-lure in two New Zealand forest settings,https://doi.org/10.20417/nzjecol.50.3629,New Zealand Journal of Ecology,2026-04-07
1382,Temporal and spatial patterns in rodent and mustelid tracking rates across New Zealand conservation land between 2005 and 2022,https://doi.org/10.20417/nzjecol.50.3641,New Zealand Journal of Ecology,2026-08-18
1383,Habitat use of the northern striped gecko Toropuku inexpectatus and biases in detection,https://doi.org/10.20417/nzjecol.50.3638,New Zealand Journal of Ecology,2026-06-15
1384,Use of genetic mark-recapture to assess the efficacy of thermal aerial control in reducing deer density in mountainous forest,https://doi.org/10.20417/nzjecol.50.3644,New Zealand Journal of Ecology,2026-09-10
1385,Effects of aerial 1080 operations on rodent and mustelid tracking rates on New Zealand’s conservation land,https://doi.org/10.20417/nzjecol.50.3642,New Zealand Journal of Ecology,2026-08-18
1386,Deer in the headlights: sleepwalking our way to a native forest catastrophe,https://doi.org/10.20417/nzjecol.50.3639,New Zealand Journal of Ecology,2026-07-20
1387,"Suitability of radio telemetry for Aotearoa | New Zealand’s only extant semi-aquatic frog, Leiopelma hochstetteri",https://doi.org/10.20417/nzjecol.50.3628,New Zealand Journal of Ecology,2026-03-25
1388,Evaluating the dispersal of a translocated kakaruai (South Island robin; Petroica australis) population out of Orokonui Ecosanctuary,https://doi.org/10.20417/nzjecol.50.3635,New Zealand Journal of Ecology,2026-05-14
1389,Audible and ultrasonic vocalisations of two captive stoats (Mustela erminea): structural categorisation and an open annotated dataset,https://doi.org/10.20417/nzjecol.50.3640,New Zealand Journal of Ecology,2026-07-21
1390,Seed dispersal mechanisms and dispersal potential of environmental weeds in New Zealand,https://doi.org/10.20417/nzjecol.50.3637,New Zealand Journal of Ecology,2026-05-28
1391,"A case study suggests positive ecological changes associated with conversion of pasture to mānuka (Leptospermum scoparium) forests in Aotearoa, New Zealand",https://doi.org/10.20417/nzjecol.50.3627,New Zealand Journal of Ecology,2026-03-16
1392,Testing the efficacy of typical urban pest mammal control in two BACI experiments,https://doi.org/10.20417/nzjecol.50.3624,New Zealand Journal of Ecology,2026-01-15
1393,Challenges in alpine lizard conservation: evaluating monitoring methods for cryptic alpine geckos,https://doi.org/10.20417/nzjecol.50.3634,New Zealand Journal of Ecology,2026-05-13
1394,"The role of hedgerows in shaping ant (Formicidae) communities in agricultural ecosystems: for a better understanding of agroecosystems functioning, including presumed ecosystem services and disservices",https://doi.org/10.5194/we-26-1-2026,Web Ecology,2026-01-08
1395,Heterogeneity of the urban soil microbiome and associations with physicochemical soil characteristics,https://doi.org/10.5194/we-26-35-2026,Web Ecology,2026-03-03
1396,Seasonal and long-term patterns of reproductive phenology in the Wet Tropics rainforests of Australia,https://doi.org/10.5194/we-26-175-2026,Web Ecology,2026-08-12
1397,Intraspecific neighbourhood effects on male and female fitness in Moricandia moricandioides,https://doi.org/10.5194/we-26-71-2026,Web Ecology,2026-05-26
1398,Habitat characterization and climate-driven niche shifts of Vampyrodes bats reveal contrasting futures for V. major and V. caraccioli,https://doi.org/10.5194/we-26-157-2026,Web Ecology,2026-08-06
1399,An integrated study of bud development and phenology enhances our understanding of coexistence and reproduction in two Mediterranean Quercus species,https://doi.org/10.5194/we-26-203-2026,Web Ecology,2026-09-10
1400,Landscape context outweighs field-scale features in structuring bird communities in West African smallholder rice agroecosystems,https://doi.org/10.5194/we-26-103-2026,Web Ecology,2026-07-08
1401,Decoding fungal communities: ITS extraction matters more than ASVs vs. OTUs,https://doi.org/10.5194/we-26-47-2026,Web Ecology,2026-03-04
1402,"Bats of a remote island: integrated genetic and bioacoustics monitoring confirms species occurrence in Flores (Azores, Portugal)",https://doi.org/10.5194/we-26-193-2026,Web Ecology,2026-08-18
1403,"Invisible extinction in a sacred refuge: a dying micro-population of Glyptostrobus pensilis at Nanhua Temple, China",https://doi.org/10.5194/we-26-93-2026,Web Ecology,2026-06-18
1404,Blueberry floral morphology influences pollinator visitation and behavioural patterns,https://doi.org/10.5194/we-26-83-2026,Web Ecology,2026-06-11
1405,Seedless fruits mask germination response to key environmental factors,https://doi.org/10.5194/we-26-61-2026,Web Ecology,2026-05-05
1406,Forb species benefit more than grasses from a diverse arbuscular mycorrhizal fungal community in semi-arid grasslands,https://doi.org/10.5194/we-26-119-2026,Web Ecology,2026-07-29
1407,The Rings of Power: managing nutrient cycles in aquatic food webs above and beyond primary producers,https://doi.org/10.5194/we-26-27-2026,Web Ecology,2026-02-11
1408,Impact of the Invasive South African Ragwort on Germination and Growth of Radish,https://doi.org/10.3161/15052249pje2026.74.002,Polish Journal of Ecology,2026-05-27
1409,"Sexual Dimorphism and Age-Related Polymorphism in the Endemic Karst Fairy Shrimp Chirocephalus croaticus (Crustacea, Anostraca)",https://doi.org/10.3161/15052249pje2025.73.3.002,Polish Journal of Ecology,2026-02-13
1410,Alpine Lepidoptera and the Equivalence of Space and Time in Community Ecology,https://doi.org/10.3161/15052249pje2026.74.004,Polish Journal of Ecology,2026-08-19
1411,Future Climate Change May Reduce Suitable Habitat for the Timber Tree Gmelina arborea,https://doi.org/10.3161/15052249pje2026.74.003,Polish Journal of Ecology,2026-08-18
1412,Long Term Grassland Rehabilitation and Agroforestation Transform Soil Health Parameters in Grazing Areas in Semi-Arid Conditions,https://doi.org/10.3161/15052249pje2025.73.3.001,Polish Journal of Ecology,2026-02-13
1413,Integrating Pellet Analysis and Photographic Surveys to Assess the Diet of the Lesser Kestrel in Türkiye,https://doi.org/10.3161/15052249pje2026.74.005,Polish Journal of Ecology,2026-08-31
1414,"Acoustic and Visual System to Attract Caspian Tern (Hydroprogne caspia) to Artificial Island in the Szczecin Lagoon, Southern Baltic, Poland",https://doi.org/10.3161/15052249pje2025.73.3.003,Polish Journal of Ecology,2026-02-13
1415,Arbuscular mycorrhizal fungi and soil microbiome interactions: implications for ecosystem functioning and climate resilience,https://doi.org/10.1007/s42965-026-00439-7,Tropical Ecology,2026-09-21
1416,"Carbon sequestration potential of Himalayan Cypress stands of Kumaun Central Himalaya, India",https://doi.org/10.1007/s42965-025-00422-8,Tropical Ecology,2026-01-07
1417,"Pattern of species richness and floristic spectrum along the elevation gradient in Kanchenjunga Biosphere Reserve, Sikkim, Eastern Himalaya, India",https://doi.org/10.1007/s42965-025-00417-5,Tropical Ecology,2026-01-08
1418,Response of soil microbial activity index at critical growth stages of wheat irrigated with high residual alkalinity,https://doi.org/10.1007/s42965-026-00431-1,Tropical Ecology,2026-08-24
1419,"Compositional and structural pattern of cold desert plant communities in the trans North-Western Himalaya, India: a case study",https://doi.org/10.1007/s42965-026-00430-2,Tropical Ecology,2026-08-10
1420,Vegetation characteristics and biodiversity conservation potentials of three forest categories in Nigerian rainforest ecosystem,https://doi.org/10.1007/s42965-026-00424-0,Tropical Ecology,2026-03-10
1421,Pod nutritional quality differs between diploid and triploid Abelmoschus cytotypes under ozone stress,https://doi.org/10.1007/s42965-026-00436-w,Tropical Ecology,2026-08-20
1422,"Allelopathic impacts of Xanthium strumarium L. on early growth of Glycine max L., Pisum sativum L. and Oryza sativa L.",https://doi.org/10.1007/s42965-025-00413-9,Tropical Ecology,2026-01-07
1423,Potential areas of invasion and environmental suitability of alien fishtail palms (Caryota spp.) in the Neotropics,https://doi.org/10.1007/s42965-026-00427-x,Tropical Ecology,2026-07-28
1424,Water availability modulates maximum canopy heights of low-elevation Amazonian second-growth forests,https://doi.org/10.1007/s42965-025-00412-w,Tropical Ecology,2026-01-07
1425,"Sensory ecology of a blind ant Centromyrmex feae (Emery, 1889) (Hymenoptera: Formicidae: Ponerinae)",https://doi.org/10.1007/s42965-026-00434-y,Tropical Ecology,2026-08-11
1426,"Seasonal litterfall, decomposition, and nutrient dynamics of three dominant trees in a Nagaland community forest",https://doi.org/10.1007/s42965-026-00440-0,Tropical Ecology,2026-09-25
1427,"Assessment of carbon sequestration potential of urban tree cover in Raipur, India",https://doi.org/10.1007/s42965-026-00428-w,Tropical Ecology,2026-06-01
1428,Comprehensive insights into Cullenia exarillata A. Robyns: an endemic keystone species of Western Ghats,https://doi.org/10.1007/s42965-025-00404-w,Tropical Ecology,2026-01-08
1429,"Species assemblage rather than forest proximity shapes the cost of human–wildlife conflict in the Garhwal Himalaya, India",https://doi.org/10.1007/s42965-026-00446-8,Tropical Ecology,2026-09-25
1430,Module 6: An Introduction to Wetland Biogeochemistry,https://doi.org/10.1672/ucrt083-648,Wetland Science and Practice,2026-04-01
1431,Were Edward A. Birge and Chancy Juday Antecedent Wetland Scientists?,https://doi.org/10.1672/ucrt083-644,Wetland Science and Practice,2026-01-15
1432,Rights of Wetlands on the World Stage: Recent Activities,https://doi.org/10.1672/ucrt083-646,Wetland Science and Practice,2026-04-01
1433,"Experiences in Constructing, Deploying , and Maintaining Artificial Floating Wetlands in Typhoon-prone Subtropical Climate Zones",https://doi.org/10.1672/ucrt083-645,Wetland Science and Practice,2026-04-01
1434,Thirteen Personal Letters to a Wetland,https://doi.org/10.1672/ucrt083-647,Wetland Science and Practice,2026-04-01
1435,"Art Meets Wetland Conservation in Chakchiuma Swamp, Grenada, Mississippi",https://doi.org/10.1672/ucrt083-642,Wetland Science and Practice,2026-01-15
1436,Using Soil Seed Banks for Wetland Mitigation Planning: Comparison of Seed Bank Estimation Methods,https://doi.org/10.1672/ucrt083-643,Wetland Science and Practice,2026-01-15
1437,"Par-delà les non-humains : le vivant-machine, face cachée de l’Anthropocène",https://doi.org/10.1051/nss/2026019,Natures Sciences Sociétés,2026-01-01
1438,L’émergence d’une communauté d’enquêteurs pour dépasser la controverse sur le statut du renard : le cas du programme Careli,https://doi.org/10.1051/nss/2026028,Natures Sciences Sociétés,2026-01-01
1439,"Claude Millier, chercheur-citoyen",https://doi.org/10.1051/nss/2026030,Natures Sciences Sociétés,2026-01-01
1440,Construction d’une recherche-action à propos de la gestion des urines humaines en agriculture,https://doi.org/10.1051/nss/2026027,Natures Sciences Sociétés,2026-01-01
1441,Hardin et Ostrom sont sur un bateau : conflits d’usage et de gouvernance locale entre pêcheurs artisanaux à Kayar au Sénégal,https://doi.org/10.1051/nss/2026018,Natures Sciences Sociétés,2026-01-01
1442,"Les nouvelles intendances environnementales : coopérer, hacker , jouer la transformation écologique dans nos territoires",https://doi.org/10.1051/nss/2026025,Natures Sciences Sociétés,2026-01-01
1443,Pour une recherche interdisciplinaire au service des enjeux sociétaux : retour d’expérience du projet MobilAir sur la pollution atmosphérique urbaine,https://doi.org/10.1051/nss/2026023,Natures Sciences Sociétés,2026-01-01
1444,Coopérer en situation de pluralisme des savoirs : une expérience de formation,https://doi.org/10.1051/nss/2026021,Natures Sciences Sociétés,2026-01-01
